tree
version=v4
num_class=1
num_tree_per_iteration=1
label_index=0
max_feature_idx=13
objective=regression
feature_names=f_relative_compactness f_wall_area f_overall_height f_glazing_area f_relative_compactness_log f_relative_compactness_sqrt f_relative_compactness_square f_wall_area_log f_wall_area_sqrt f_wall_area_square f_orientation_2 f_orientation_3 f_orientation_4 f_orientation_5
feature_infos=[-1.3449831343425718:2.0725944264699572] [-1.7048063042365516:2.2558734231195023] [-0.98384384835639349:1.0164214592291216] [-1.7563295099904586:1.2277903630891445] [-1.4494429022436501:1.9276568604829742] [-1.3971398215719955:2.0000206089773198] [-1.2420525923883332:2.2166218075721997] [-1.8995742931642037:2.063489444367272] [-1.8020115162417754:2.160759162521749] [-1.5149569368331783:2.4364206746867128] [0:1] [0:1] [0:1] [0:1]
tree_sizes=1103 1166 1154 1162 1165 1164 1167 1180 1180 1175 1193 1190 1204 1198 1207 1202 1212 1217 1207 1236 1219 1224 1123 1222 1237 1230 1232 1239 958 1245 959 957 1240 962 1232 1232 1069 972 1237 1067 1231 1064 1056 1240 1156 1062 1238 1240 1240 1238 1245 1239 1242 1246 977 1255 1245 1239 1245 1064 883 1245 1247 974 1253 872 1143 1060 1154 1060 978 880 1064 874 1252 1061 1249 1244 1252 1070 876 965 1060 1259 1250 1249 1253 1055 979 1148 1066 1257 1258 1061 961 973 1252 1259 1243 1057 1059 876 1154 1255 1065 872 1261 1069 1161 976 875 1248 1253 975 1252 1061 1161 1253 789 968 1162 1070 795 960 1162 1254 891 973 1255 1158 980 874 1069 874 969 1157 1069 1067 973 974 976 1067 875 973 980 1259 790 1071 796 971 978 1253 977 790 1062 1070 973 1257 977 967 977 878 1157 1070 1057 976 969 1065 891 1251 977 969 1250 1068 979 1248 1066 1156

Tree=0
num_leaves=12
num_cat=0
split_feature=0 3 0 0 3 3 3 3 3 0 0
split_gain=111.001 6.27788 5.24638 2.77953 2.65659 2.04653 0.804325 0.713147 0.544472 0.503661 0.479569
threshold=-0.11085790404915845 -1.383314525855508 0.41127200107497791 -1.0601850042748606 1.0000000180025095e-35 0.6682678868867189 1.0000000180025095e-35 0.6682678868867189 1.0000000180025095e-35 0.74353648615397361 -1.2500504243200012
decision_type=2 2 2 2 2 2 2 2 2 2 2
left_child=1 -1 6 7 -4 8 -2 10 -5 -6 -3
right_child=2 3 4 5 9 -7 -8 -9 -10 -11 -12
leaf_value=2.7976512169799119 3.0891713102335925 2.9132909759414534 3.0280701358523601 2.8709221633364699 3.0541878161608271 2.9269489960972237 3.1267771402650295 2.9666182313323928 2.8974277205197665 3.0829476247384608 2.9468971327901792
leaf_weight=20 35 35 76 62 33 70 65 30 62 93 33
leaf_count=20 35 35 76 62 33 70 65 30 62 93 33
internal_value=2.98972 2.90605 3.07615 2.91348 3.0576 2.89961 3.11362 2.94093 2.88417 3.07542 2.9296
internal_weight=614 312 302 292 202 194 100 98 124 126 68
internal_count=614 312 302 292 202 194 100 98 124 126 68
is_linear=0
shrinkage=1


Tree=1
num_leaves=12
num_cat=0
split_feature=0 3 0 0 3 3 3 3 3 3 0
split_gain=71.0404 4.01785 3.35768 1.7789 1.70022 1.30978 0.560696 0.514768 0.348462 0.329308 0.21869
threshold=-0.11085790404915845 -1.383314525855508 0.41127200107497791 -1.0601850042748606 1.0000000180025095e-35 0.6682678868867189 1.0000000180025095e-35 1.0000000180025095e-35 1.0000000180025095e-35 0.6682678868867189 -1.2500504243200012
decision_type=2 2 2 2 2 2 2 2 2 2 2
left_child=1 -1 7 6 -4 8 -3 -2 -5 -6 -8
right_child=2 3 4 5 9 -7 10 -9 -10 -11 -12
leaf_value=-0.15365186274051668 0.079564213199274883 -0.058880199905898836 0.030683273474661339 -0.095035104020949335 0.058334814981808737 -0.050213636841092792 -0.039000658970326188 0.10964888233404893 -0.073830655121034192 0.078783991128679315 -0.015232013080967591
leaf_weight=20 35 36 76 62 63 70 32 65 62 63 30
leaf_count=20 35 36 76 62 63 70 32 65 62 63 30
internal_value=1.31293e-09 -0.0669306 0.0691468 -0.0609908 0.054309 -0.0720857 -0.0390272 0.0991192 -0.0844329 0.0685594 -0.0274997
internal_weight=614 312 302 292 202 194 98 100 124 126 62
internal_count=614 312 302 292 202 194 98 100 124 126 62
is_linear=0
shrinkage=0.2


Tree=2
num_leaves=12
num_cat=0
split_feature=0 3 3 0 0 3 3 3 0 0 3
split_gain=45.4658 2.57142 2.51592 1.8559 1.1385 0.83826 0.478365 0.362977 0.33491 0.25426 0.223016
threshold=-0.11085790404915845 -1.383314525855508 -1.383314525855508 0.41127200107497791 -1.0601850042748606 0.6682678868867189 0.6682678868867189 0.6682678868867189 0.74353648615397361 -1.2500504243200012 1.0000000180025095e-35
decision_type=2 2 2 2 2 2 2 2 2 2 2
left_child=1 -1 -2 -4 7 10 8 9 -5 -3 -6
right_child=2 4 3 6 5 -7 -8 -9 -10 -11 -12
leaf_value=-0.12292148619890214 -0.013228986314497888 -0.051181570461818149 0.083308726485057549 0.02401024759747088 -0.076028085091421685 -0.040170909847532001 0.063027188607624601 -0.0128965264876994 0.047698907712672621 -0.026711641658436171 -0.059064528105720396
leaf_weight=20 20 35 93 32 62 70 63 30 94 33 62
leaf_count=20 20 35 93 32 62 70 63 30 94 33 62
internal_value=-6.51205e-10 -0.0535445 0.0553175 0.0601789 -0.0487926 -0.0576686 0.0487976 -0.0312218 0.0416827 -0.0393065 -0.0675463
internal_weight=614 312 302 282 292 194 189 98 126 68 124
internal_count=614 312 302 282 292 194 189 98 126 68 124
is_linear=0
shrinkage=0.2


Tree=3
num_leaves=12
num_cat=0
split_feature=0 3 3 0 0 3 0 1 3 3 3
split_gain=29.0981 1.64571 1.61019 1.18778 0.728637 0.536486 0.332894 0.413852 0.286908 0.184224 0.14273
threshold=-0.11085790404915845 -1.383314525855508 -1.383314525855508 0.41127200107497791 -1.0601850042748606 0.6682678868867189 0.74353648615397361 -0.29027783018081799 1.0000000180025095e-35 0.6682678868867189 1.0000000180025095e-35
decision_type=2 2 2 2 2 2 2 2 2 2 2
left_child=1 -1 -2 9 8 10 -5 -8 -3 -4 -6
right_child=2 4 3 6 5 -7 7 -9 -10 -11 -12
leaf_value=-0.098337191343307498 -0.010583188943564893 -0.039178895619180469 0.060045474966367085 0.024850150729928699 -0.060822463636436779 -0.032136728252683371 0.036519823074340818 0.059803333414925476 -0.016731415577645927 0.078649719194932424 -0.047251620792573501
leaf_weight=20 20 36 60 49 62 70 95 45 62 33 62
leaf_count=20 20 36 60 49 62 70 95 45 62 33 62
internal_value=-2.15198e-11 -0.0428356 0.044254 0.0481431 -0.0390341 -0.0461349 0.039038 0.0440038 -0.0249774 0.066647 -0.054037
internal_weight=614 312 302 282 292 194 189 140 98 93 124
internal_count=614 312 302 282 292 194 189 140 98 93 124
is_linear=0
shrinkage=0.2


Tree=4
num_leaves=12
num_cat=0
split_feature=0 3 3 0 0 3 3 3 0 0 0
split_gain=18.6228 1.05325 1.03052 0.760177 0.516362 0.311481 0.263888 0.238686 0.144975 0.135745 0.0878947
threshold=-0.11085790404915845 -1.383314525855508 -1.383314525855508 0.41127200107497791 -0.82285322921843529 0.6682678868867189 0.6682678868867189 1.0000000180025095e-35 1.0000000180025095e-35 0.74353648615397361 1.1232673262442552
decision_type=2 2 2 2 2 2 2 2 2 2 2
left_child=1 -1 -2 8 6 9 -3 -6 -4 -5 -7
right_child=2 4 3 5 7 10 -8 -9 -10 -11 -12
leaf_value=-0.078669753372669224 -0.0084665515727829193 -0.028866215221279742 0.045505544670084691 0.014238167635630817 -0.051599596133050707 0.035590054049636381 -0.010890439715312452 -0.034164238864123224 0.061299451667329544 0.029319440906352186 0.050547730525334678
leaf_weight=20 20 98 47 32 46 33 49 99 46 94 30
leaf_count=20 20 98 47 32 46 33 49 99 46 94 30
internal_value=1.2836e-10 -0.0342685 0.0354032 0.0385145 -0.0312273 0.0312304 -0.0228743 -0.0396955 0.0533176 0.0254893 0.0427128
internal_weight=614 312 302 282 292 189 147 145 93 126 63
internal_count=614 312 302 282 292 189 147 145 93 126 63
is_linear=0
shrinkage=0.2


Tree=5
num_leaves=12
num_cat=0
split_feature=0 0 3 3 0 3 0 3 0 1 0
split_gain=11.9186 0.692931 0.674083 0.549175 0.345008 0.259098 0.225206 0.129442 0.128376 0.125323 0.121128
threshold=-0.11085790404915845 0.41127200107497791 -1.383314525855508 1.0000000180025095e-35 -1.0601850042748606 0.6682678868867189 -1.2500504243200012 0.6682678868867189 0.74353648615397361 -0.29027783018081799 1.0000000180025095e-35
decision_type=2 2 2 2 2 2 2 2 2 2 2
left_child=2 7 -1 -3 6 -6 -4 10 -5 -10 -2
right_child=1 3 4 8 5 -7 -8 -9 9 -11 -12
leaf_value=-0.062935800421983004 0.028510654279414346 0.0081546882976238667 -0.024513129042644129 0.018964038924737414 -0.035359551709505825 -0.020139969587326053 -0.00532207598394536 0.052191415338805225 0.028166176354298827 0.04362039286643267 0.045520231037428888
leaf_weight=20 34 76 51 33 124 70 47 33 61 32 33
leaf_count=20 34 76 51 33 124 70 47 33 61 32 33
internal_value=9.19188e-11 0.0283225 -0.0274148 0.021582 -0.0249818 -0.0298679 -0.0153093 0.0419385 0.029681 0.0334838 0.0368885
internal_weight=614 302 312 202 292 194 98 100 126 93 67
internal_count=614 302 312 202 292 194 98 100 126 93 67
is_linear=0
shrinkage=0.2


Tree=6
num_leaves=12
num_cat=0
split_feature=0 3 3 0 0 0 0 3 0 0 3
split_gain=7.6279 0.589052 0.523516 0.30031 0.293634 0.199655 0.159689 0.146084 0.0941973 0.084863 0.0727487
threshold=-0.11085790404915845 -1.383314525855508 1.0000000180025095e-35 -1.0601850042748606 0.41127200107497791 -0.82285322921843529 -1.2500504243200012 0.6682678868867189 -0.58552145416201007 1.6928635863796766 0.6682678868867189
decision_type=2 2 2 2 2 2 2 2 2 2 2
left_child=2 -2 3 6 10 -4 -1 9 -5 -6 -3
right_child=1 4 5 8 7 -7 -8 -9 -10 -11 -12
leaf_value=-0.030864626298780031 -0.010509480123873802 0.030062137941519421 -0.0089926850135242081 -0.033456631768972449 0.019453032275972268 -0.021827559564450774 -0.0067422538995742798 0.028346739354587737 -0.047748817418302808 0.0072665567121778926 0.041753133499261103
leaf_weight=23 20 60 95 39 96 99 21 63 35 30 33
leaf_count=23 20 60 95 39 96 99 21 63 35 30 33
internal_value=2.08562e-13 0.022658 -0.0219318 -0.0324364 0.0250103 -0.0155424 -0.0193517 0.0204832 -0.0402164 0.0165515 0.0342106
internal_weight=614 302 312 118 282 194 44 189 74 126 93
internal_count=614 302 312 118 282 194 44 189 74 126 93
is_linear=0
shrinkage=0.2


Tree=7
num_leaves=12
num_cat=0
split_feature=0 3 3 3 0 0 1 0 0 0 3
split_gain=4.88186 0.376993 0.373099 0.189526 0.187926 0.117531 0.172547 0.100725 0.0828254 0.0614698 0.0351521
threshold=-0.11085790404915845 -1.383314525855508 -1.383314525855508 0.6682678868867189 0.41127200107497791 0.74353648615397361 -0.29027783018081799 -0.58552145416201007 -1.0601850042748606 1.0000000180025095e-35 1.0000000180025095e-35
decision_type=2 2 2 2 2 2 2 2 2 2 2
left_child=2 -2 -1 7 9 -6 -7 10 -5 -3 -4
right_child=1 4 3 8 5 6 -8 -9 -10 -11 -12
leaf_value=-0.043972039222717287 -0.0084075829247012741 0.022281588392054782 -0.019493044761643895 0.00011714781944950422 0.0079563158773341951 0.014504768477483214 0.029538965688811411 -0.026290436518394342 -0.012443213654415948 0.032565883547067645 -0.012985505599499448
leaf_weight=20 20 47 69 30 49 95 45 59 70 46 64
leaf_count=20 20 47 69 30 49 95 45 59 70 46 64
internal_value=1.16055e-10 0.0181264 -0.0175454 -0.0157354 0.0200083 0.0163866 0.0193372 -0.0194126 -0.00867511 0.0273684 -0.0163616
internal_weight=614 302 312 292 282 189 140 192 100 93 133
internal_count=614 302 312 292 282 189 140 192 100 93 133
is_linear=0
shrinkage=0.2


Tree=8
num_leaves=12
num_cat=0
split_feature=0 3 0 3 0 0 0 0 0 0 1
split_gain=3.12439 0.250977 0.240373 0.230201 0.163292 0.158113 0.0823313 0.0569979 0.048178 0.0476204 0.0420517
threshold=-0.11085790404915845 1.0000000180025095e-35 -1.0601850042748606 1.0000000180025095e-35 -1.2500504243200012 0.41127200107497791 0.41127200107497791 0.74353648615397361 -0.58552145416201007 0.74353648615397361 -0.29027783018081799
decision_type=2 2 2 2 2 2 2 2 2 2 2
left_child=2 5 4 8 -1 -2 -3 -8 -4 -7 -9
right_child=1 6 3 -5 -6 9 7 10 -10 -11 -12
leaf_value=-0.013856483200056988 0.018061135272894588 0.024677723302290993 -0.022113496752885674 -0.013012620561163535 0.0018543356178127521 -0.0065616214106557899 0.0087730397075188888 0.015367650338372247 -0.03233473918267659 0.0048074358798268282 0.024319715611636639
leaf_weight=55 35 65 39 132 51 20 33 61 35 56 32
leaf_count=55 35 65 39 132 51 20 33 61 35 56 32
internal_value=-1.22246e-11 0.0145011 -0.0140364 -0.0180185 -0.0062975 0.00693805 0.0188964 0.015914 -0.0269479 0.00181558 0.0184479
internal_weight=614 302 312 206 106 111 191 126 74 76 93
internal_count=614 302 312 206 106 111 191 126 74 76 93
is_linear=0
shrinkage=0.2


Tree=9
num_leaves=12
num_cat=0
split_feature=0 3 3 3 3 0 0 0 0 0 0
split_gain=1.99961 0.218028 0.209106 0.114688 0.0996143 0.0746974 0.0480749 0.0460727 0.0402019 0.0236186 0.0140619
threshold=-0.11085790404915845 -1.383314525855508 -1.383314525855508 0.6682678868867189 0.6682678868867189 1.6928635863796766 -0.34818967910558424 1.1232673262442552 -1.0601850042748606 0.41127200107497791 1.1232673262442552
decision_type=2 2 2 2 2 2 2 2 2 2 2
left_child=1 -1 -2 5 6 7 -3 -4 -6 -5 -11
right_child=2 4 3 9 8 -7 -8 -9 -10 10 -12
leaf_value=-0.031430650502443314 -0.0081605502683669336 -0.011231144971821006 0.010150770136713982 0.022951049967245622 0.0013986717315856369 0.00096518462679038458 -0.020334808059312679 0.018764238780544652 -0.0073520469505872045 0.013497209108688617 0.019480006297429405
leaf_weight=20 20 165 125 33 30 30 27 31 70 33 30
leaf_count=20 20 165 125 33 30 30 27 31 70 33 30
internal_value=9.53696e-11 -0.0112291 0.0116009 0.0130024 -0.00984542 0.0101048 -0.0125113 0.0118624 -0.00472683 0.0186166 0.0163462
internal_weight=614 312 302 282 292 186 192 156 100 96 63
internal_count=614 312 302 282 292 186 192 156 100 96 63
is_linear=0
shrinkage=0.2


Tree=10
num_leaves=12
num_cat=0
split_feature=0 3 0 3 3 0 0 0 0 0 3
split_gain=1.27975 0.139538 0.134115 0.116126 0.0637532 0.0613179 0.0325459 0.030768 0.0303506 0.0292918 0.0211011
threshold=-0.11085790404915845 -1.383314525855508 0.41127200107497791 1.0000000180025095e-35 0.6682678868867189 1.0000000180025095e-35 0.74353648615397361 -0.34818967910558424 0.74353648615397361 -0.82285322921843529 0.6682678868867189
decision_type=2 2 2 2 2 2 2 2 2 2 2
left_child=1 -1 5 8 7 -2 -5 -3 -4 -6 -8
right_child=2 4 3 6 9 -7 10 -9 -10 -11 -12
leaf_value=-0.025144522190093995 0.01031842825561762 -0.0089849160599987966 -0.0065469984470109925 0.0046434931582552963 -0.00028933833866399164 0.020223411768674853 0.0089739104534717323 -0.016267846441931196 0.0025293524828157391 -0.0071366454383321844 0.014999458452929621
leaf_weight=20 50 165 20 33 49 50 47 27 56 51 46
leaf_count=20 50 165 20 33 49 50 47 27 56 51 46
internal_value=-2.91545e-11 -0.00898327 0.00928073 0.00631529 -0.00787633 0.0152709 0.0100396 -0.0100091 0.000140839 -0.00378146 0.0119543
internal_weight=614 312 302 202 292 100 126 192 76 100 93
internal_count=614 312 302 202 292 100 126 192 76 100 93
is_linear=0
shrinkage=0.2


Tree=11
num_leaves=12
num_cat=0
split_feature=0 0 3 0 3 3 0 0 0 3 3
split_gain=0.819039 0.122897 0.121078 0.106368 0.0917592 0.0509 0.0425236 0.0333303 0.0203599 0.0166829 0.0156194
threshold=-0.11085790404915845 -1.0601850042748606 -1.383314525855508 -1.2500504243200012 1.0000000180025095e-35 0.6682678868867189 1.6928635863796766 1.1232673262442552 -0.58552145416201007 1.0000000180025095e-35 0.6682678868867189
decision_type=2 2 2 2 2 2 2 2 2 2 2
left_child=1 3 -2 9 8 6 7 -4 -3 -1 -6
right_child=2 4 5 -5 10 -7 -8 -9 -10 -11 -12
leaf_value=-0.011862475732746333 -0.0076126919314265257 -0.012528842993271658 0.00643096637763083 0.0049262136685451971 -0.0091852006652662823 0.012231174266586702 -0.00033521496069928013 0.013757120529490133 -0.019173417155231749 -0.0048008011064666796 -0.0048260193217512489
leaf_weight=23 20 39 125 51 62 96 30 31 35 32 70
leaf_count=23 20 39 125 51 62 96 30 31 35 32 70
internal_value=4.01576e-11 -0.00718662 0.00742458 -0.00165307 -0.010034 0.00849106 0.00656067 0.0078868 -0.0156715 -0.00775387 -0.00687351
internal_weight=614 312 302 106 206 282 186 156 74 55 132
internal_count=614 312 302 106 206 282 186 156 74 55 132
is_linear=0
shrinkage=0.2


Tree=12
num_leaves=12
num_cat=0
split_feature=0 0 3 3 0 3 0 0 0 1 0
split_gain=0.524185 0.0862826 0.0793445 0.0542433 0.0395708 0.0253228 0.0204319 0.0190843 0.0175755 0.0115463 0.011394
threshold=-0.11085790404915845 0.41127200107497791 -1.383314525855508 1.0000000180025095e-35 1.0000000180025095e-35 0.6682678868867189 0.74353648615397361 0.74353648615397361 -0.58552145416201007 -0.29027783018081799 -0.34818967910558424
decision_type=2 2 2 2 2 2 2 2 2 2 2
left_child=2 4 -1 7 -2 10 -5 -3 -7 -8 -4
right_child=1 3 5 6 -6 8 9 -9 -10 -11 -12
leaf_value=-0.017936030868440866 0.0067658599675633011 -0.0059620455553522338 -0.0056354788746896464 0.0018310040658847853 0.014722820624709129 -0.00043078224125290009 0.0060095148771756989 0.0012351881222067668 -0.0060280041248701958 0.010700373980216683 -0.010067434850390312
leaf_weight=20 50 20 165 33 50 66 61 56 34 32 27
leaf_count=20 50 20 165 33 50 66 61 56 34 32 27
internal_value=3.51426e-11 0.00593967 -0.00574929 0.00356111 0.0107443 -0.00491458 0.00610647 -0.000658821 -0.00233384 0.00762357 -0.00625872
internal_weight=614 302 312 202 100 292 126 76 100 93 192
internal_count=614 302 312 202 100 292 126 76 100 93 192
is_linear=0
shrinkage=0.2


Tree=13
num_leaves=12
num_cat=0
split_feature=0 0 3 0 3 3 0 0 0 3 0
split_gain=0.335479 0.0740435 0.0708943 0.0684936 0.046703 0.0263811 0.0236149 0.0195264 0.0110384 0.00739333 0.0072232
threshold=-0.11085790404915845 -1.0601850042748606 -1.383314525855508 -1.2500504243200012 1.0000000180025095e-35 0.6682678868867189 1.6928635863796766 1.1232673262442552 -0.58552145416201007 1.0000000180025095e-35 0.41127200107497791
decision_type=2 2 2 2 2 2 2 2 2 2 2
left_child=1 3 -2 9 8 6 7 -4 -3 -1 -7
right_child=2 4 5 -5 -6 10 -8 -9 -10 -11 -12
leaf_value=-0.0079350393103516624 -0.0067547271121293304 -0.0085175002305708739 0.0040520004551857711 0.0049752684772529929 -0.0045548056479509059 0.010657425981127856 -0.0009608134503165882 0.0096594757250239791 -0.01341002215232168 -0.003234014777262928 0.007004816315713383
leaf_weight=23 20 39 125 51 132 33 30 31 35 32 63
leaf_count=23 20 39 125 51 132 33 30 31 35 32 63
internal_value=4.78264e-11 -0.00459943 0.00475173 -0.000304299 -0.00680955 0.00556779 0.00417806 0.00516631 -0.0108315 -0.0051999 0.0082604
internal_weight=614 312 302 106 206 282 186 156 74 55 96
internal_count=614 312 302 106 206 282 186 156 74 55 96
is_linear=0
shrinkage=0.2


Tree=14
num_leaves=12
num_cat=0
split_feature=0 0 0 0 3 0 0 3 0 0 3
split_gain=0.214706 0.051141 0.0473878 0.0438359 0.0302209 0.0352406 0.0479155 0.0298899 0.0254592 0.00706458 0.00653003
threshold=-0.11085790404915845 0.41127200107497791 -1.0601850042748606 -1.2500504243200012 0.6682678868867189 1.6928635863796766 0.74353648615397361 1.0000000180025095e-35 1.0000000180025095e-35 -0.58552145416201007 0.6682678868867189
decision_type=2 2 2 2 2 2 2 2 2 2 2
left_child=2 8 3 -1 5 6 -3 9 -2 -4 -9
right_child=1 4 7 -5 -6 -7 -8 10 -10 -11 -12
leaf_value=-0.0041599181819368496 0.0043092213562922555 -0.0038293151138026993 -0.0068140004958527596 0.0039802148579802443 0.0056038530833560918 -0.0053841471192285877 0.0051495327780555402 -0.0051385441703924667 0.010691595200449228 -0.010728017623935427 -0.0023199677684377614
leaf_weight=55 50 36 39 51 63 33 70 62 50 35 70
leaf_count=55 50 36 39 51 63 33 70 62 50 35 70
internal_value=1.09779e-11 0.00380139 -0.00367955 -0.000243439 0.00197019 0.000323274 0.00210011 -0.00544764 0.00750041 -0.00866522 -0.00364384
internal_weight=614 302 312 106 202 139 106 206 100 74 132
internal_count=614 302 312 106 202 139 106 206 100 74 132
is_linear=0
shrinkage=0.2


Tree=15
num_leaves=12
num_cat=0
split_feature=0 3 3 3 3 0 0 0 0 0 0
split_gain=0.137412 0.0433348 0.0424265 0.0101648 0.00760742 0.00823511 0.00562613 0.0111731 0.00556982 0.00344753 0.00319307
threshold=-0.11085790404915845 -1.383314525855508 -1.383314525855508 0.6682678868867189 0.6682678868867189 -0.58552145416201007 1.6928635863796766 1.1232673262442552 -1.2500504243200012 0.41127200107497791 1.1232673262442552
decision_type=2 2 2 2 2 2 2 2 2 2 2
left_child=2 -2 -1 6 8 -6 7 -3 -4 -5 -11
right_child=1 3 4 9 5 -7 -8 -9 -10 10 -12
leaf_value=-0.011855073645710945 -0.0059549972321838139 0.0024559384954161941 -0.0053514671006373001 0.0070065184101236596 0.00038391363711773671 -0.0034474486257856959 0.0003081787183570365 0.0066976740100090542 -0.0025613832037976003 0.0031254951921503315 0.0059764283181478577
leaf_weight=20 20 125 35 33 66 34 30 31 157 33 30
leaf_count=20 20 125 35 33 66 34 30 31 157 33 30
internal_value=-2.62148e-11 0.00304111 -0.00294364 0.00367913 -0.00233327 -0.00091875 0.00281648 0.00329885 -0.00306999 0.00535051 0.00448308
internal_weight=614 302 312 282 292 100 186 156 192 96 63
internal_count=614 302 312 282 292 100 186 156 192 96 63
is_linear=0
shrinkage=0.2


Tree=16
num_leaves=12
num_cat=0
split_feature=0 0 0 0 0 0 0 3 0 3 0
split_gain=0.0879437 0.0321502 0.0312963 0.0252441 0.0163926 0.0158596 0.0299743 0.0153691 0.00981302 0.00528607 0.0044612
threshold=-0.11085790404915845 -1.0601850042748606 0.41127200107497791 -1.2500504243200012 1.0000000180025095e-35 0.74353648615397361 1.6928635863796766 1.0000000180025095e-35 1.1232673262442552 1.0000000180025095e-35 -0.58552145416201007
decision_type=2 2 2 2 2 2 2 2 2 2 2
left_child=1 3 4 -1 -2 9 8 -3 -7 -4 -9
right_child=2 7 5 -5 -6 6 -8 10 -10 -11 -12
leaf_value=-0.002496738040354103 0.0027658834132889753 -0.0061184860762787639 -0.0045366547623416414 0.003680529192263516 0.0078872241436038163 0.0021395006185719887 -0.0019951026506569922 -0.0013898177225628923 0.0061051022904090738 -0.00041603781882617062 -0.0037162929456826532
leaf_weight=55 50 74 20 51 50 52 49 68 48 33 64
leaf_count=55 50 74 20 51 50 52 49 68 48 33 64
internal_value=3.27086e-11 -0.00235491 0.00243289 0.000475343 0.00532655 0.00100038 0.00205731 -0.00381125 0.00404299 -0.00197099 -0.00251781
internal_weight=614 312 302 106 100 202 149 206 100 53 132
internal_count=614 312 302 106 100 202 149 206 100 53 132
is_linear=0
shrinkage=0.2


Tree=17
num_leaves=12
num_cat=0
split_feature=0 3 3 3 0 12 0 0 0 3 0
split_gain=0.056284 0.0271052 0.0255334 0.00605355 0.00451665 0.00433295 0.00232873 0.00290412 0.00189991 0.00167346 0.000772027
threshold=-0.11085790404915845 -1.383314525855508 -1.383314525855508 0.6682678868867189 -1.2500504243200012 1.0000000180025095e-35 1.0000000180025095e-35 0.41127200107497791 -0.82285322921843529 0.6682678868867189 0.41127200107497791
decision_type=2 2 2 2 2 2 2 2 2 2 2
left_child=2 -2 -1 6 -4 9 -3 -8 -7 -6 -5
right_child=1 3 4 10 5 8 7 -9 -10 -11 -12
leaf_value=-0.0087971927598118789 -0.0051684817951172593 0.0002027807381285041 -0.0031203145585844624 0.0045243849018306442 -0.001007857984398564 -0.0011659125497099014 0.0039061719142221688 0.0016863474787059537 -0.0034354652232852661 0.00026610030572555844 0.0033302463709361969
leaf_weight=20 20 31 51 33 116 25 29 126 36 64 63
leaf_count=20 20 31 51 33 116 25 29 126 36 64 63
internal_value=-1.32743e-11 0.00194631 -0.00188393 0.0024509 -0.00141042 -0.00104857 0.00178519 0.00210167 -0.00250532 -0.000554895 0.00374073
internal_weight=614 302 312 282 292 241 186 155 61 180 96
internal_count=614 302 312 282 292 241 186 155 61 180 96
is_linear=0
shrinkage=0.2


Tree=18
num_leaves=12
num_cat=0
split_feature=1 3 3 0 0 3 0 0 0 3 0
split_gain=0.046319 0.0533535 0.0237047 0.0207564 0.0187112 0.0177387 0.00895559 0.00638017 0.00405359 0.002034 0.00162005
threshold=-0.29027783018081799 -1.383314525855508 1.0000000180025095e-35 -0.11085790404915845 0.74353648615397361 1.0000000180025095e-35 -0.34818967910558424 1.1232673262442552 0.41127200107497791 0.6682678868867189 -1.0601850042748606
decision_type=2 2 2 2 2 2 2 2 2 2 2
left_child=2 -2 6 5 9 -3 -1 8 -5 -4 -7
right_child=1 3 4 7 -6 10 -8 -9 -10 -11 -12
leaf_value=-0.0020776850158452163 0.010375865653157235 -0.0039508545753890829 -0.0032074230467211843 0.0023128592864058222 0.0021800749904674586 0.0012467068150609493 -0.0060804650179599809 0.0042700689640413556 6.507507843744695e-05 -0.0013935081215630122 -0.00048790810855500624
leaf_weight=36 25 52 48 93 61 62 59 45 49 51 33
leaf_count=36 25 52 48 93 61 62 59 45 49 51 33
internal_value=1.88393e-11 0.00146402 -0.00206112 0.00079697 -0.000575254 -0.00098129 -0.00456362 0.00219485 0.00153722 -0.00227298 0.000644156
internal_weight=614 359 255 334 160 147 95 187 142 99 95
internal_count=614 359 255 334 160 147 95 187 142 99 95
is_linear=0
shrinkage=0.2


Tree=19
num_leaves=12
num_cat=0
split_feature=3 0 0 12 3 0 3 0 3 0 12
split_gain=0.0455745 0.0222497 0.00390301 0.00282812 0.00256411 0.00234824 0.0042867 0.00170226 0.000953198 0.000940388 0.000709118
threshold=-1.383314525855508 -0.11085790404915845 -1.2500504243200012 1.0000000180025095e-35 0.6682678868867189 1.0000000180025095e-35 1.0000000180025095e-35 -0.11085790404915845 1.0000000180025095e-35 -0.58552145416201007 1.0000000180025095e-35
decision_type=2 2 2 2 2 2 2 2 2 2 2
left_child=7 2 -2 8 5 -3 -7 -1 -4 -5 -6
right_child=1 4 3 9 10 6 -8 -9 -10 -11 -12
leaf_value=-0.0078319961577653901 -0.0023583238679623485 -0.00030034727927657871 0.0006254896088957124 -0.0009984284712883987 0.0028839374385761021 0.0026927542599538964 0.00058809611815377146 -0.0052225792268291125 -0.00035499127886945013 -0.0026187180878047872 0.0016453526748809967
leaf_weight=20 51 31 59 38 71 75 80 20 121 23 25
leaf_count=20 51 31 59 38 71 75 80 20 121 23 25
internal_value=-2.01997e-11 0.000454863 -0.00076882 -0.000432452 0.00172194 0.00128867 0.00160648 -0.00652729 -3.36114e-05 -0.00160936 0.00256139
internal_weight=614 574 292 241 282 186 155 40 180 61 96
internal_count=614 574 292 241 282 186 155 40 180 61 96
is_linear=0
shrinkage=0.2


Tree=20
num_leaves=12
num_cat=0
split_feature=1 3 1 0 3 3 3 0 3 13 1
split_gain=0.0345082 0.337249 0.0187901 0.0112909 0.0107759 0.00974217 0.00752575 0.00381558 0.00285434 0.00264825 0.00245209
threshold=1.0000000180025095e-35 -1.383314525855508 0.84134494906376878 0.74353648615397361 1.0000000180025095e-35 1.0000000180025095e-35 1.0000000180025095e-35 -0.11085790404915845 0.6682678868867189 1.0000000180025095e-35 -0.29027783018081799
decision_type=2 2 2 2 2 2 2 2 2 2 2
left_child=1 -1 4 5 -2 9 -4 -8 -7 -3 -5
right_child=2 3 6 10 -6 8 7 -9 -10 -11 -12
leaf_value=-0.023571718730032443 0.0067746530516652045 0.00071392107367915876 -0.0018370292337966108 0.0012582631458185221 0.0024869329313787604 -0.0021697632392319159 8.7261141743510962e-05 0.0032005876814383233 -0.00050359988858088343 0.0033412237589280792 0.0030504955930842296
leaf_weight=25 37 57 42 95 64 78 32 31 87 21 45
leaf_count=25 37 57 42 95 64 78 32 31 87 21 45
internal_value=4.36842e-11 -0.0010654 0.0021101 0.000403686 0.00405768 -0.000420558 0.000236718 0.00161922 -0.00129124 0.00142127 0.00183434
internal_weight=614 408 206 383 101 243 105 63 165 78 140
internal_count=614 408 206 383 101 243 105 63 165 78 140
is_linear=0
shrinkage=0.2


Tree=21
num_leaves=12
num_cat=0
split_feature=1 3 1 0 3 3 3 0 3 13 1
split_gain=0.0220853 0.215839 0.0120257 0.00722617 0.00689657 0.00623499 0.00481648 0.00244197 0.00182677 0.00169488 0.00156934
threshold=1.0000000180025095e-35 -1.383314525855508 0.84134494906376878 0.74353648615397361 1.0000000180025095e-35 1.0000000180025095e-35 1.0000000180025095e-35 -0.11085790404915845 0.6682678868867189 1.0000000180025095e-35 -0.29027783018081799
decision_type=2 2 2 2 2 2 2 2 2 2 2
left_child=1 -1 4 5 -2 9 -4 -8 -7 -3 -5
right_child=2 3 6 10 -6 8 7 -9 -10 -11 -12
leaf_value=-0.018857374969869854 0.0054197220182096639 0.00057113685995174922 -0.0014696234582169425 0.0010066104717024198 0.0019895463356988329 -0.0017358105720725295 6.9808909029234203e-05 0.0025604701495819514 -0.00040287988912046554 0.0026729791419624928 0.0024403964003108236
leaf_weight=25 37 57 42 95 64 78 32 31 87 21 45
leaf_count=25 37 57 42 95 64 78 32 31 87 21 45
internal_value=2.02222e-12 -0.000852316 0.00168808 0.000322949 0.00324615 -0.000336446 0.000189374 0.00129537 -0.00103299 0.00113702 0.00146747
internal_weight=614 408 206 383 101 243 105 63 165 78 140
internal_count=614 408 206 383 101 243 105 63 165 78 140
is_linear=0
shrinkage=0.2


Tree=22
num_leaves=11
num_cat=0
split_feature=1 3 0 3 3 0 0 0 0 3
split_gain=0.0172731 0.0156347 0.00901975 0.02399 0.00265023 0.00256988 0.00175329 0.00123635 0.00102812 0.000808996
threshold=-0.85608921980311126 -1.383314525855508 -1.0601850042748606 1.0000000180025095e-35 1.0000000180025095e-35 -0.34818967910558424 0.74353648615397361 1.6928635863796766 -1.2500504243200012 0.6682678868867189
decision_type=2 2 2 2 2 2 2 2 2 2
left_child=4 -2 3 -3 -1 -6 9 -8 -5 -4
right_child=1 2 6 8 5 -7 7 -9 -10 -11
leaf_value=-0.0038187485598973579 0.0046098998254712892 -0.0056465758631626768 1.5327475057057681e-05 5.5847133626230065e-05 -0.0028446771478389996 -0.0003050111932680011 0.0015897454789894176 0.00032436072049123421 0.001685561037932833 0.0007784730788295938
leaf_weight=35 34 36 157 32 34 30 94 46 30 86
leaf_count=35 34 36 157 32 34 30 94 46 30 86
internal_value=1.71272e-11 0.000465098 0.000172118 -0.00154003 -0.00241945 -0.00165421 0.000610213 0.00117398 0.000844418 0.000285412
internal_weight=614 515 481 98 99 64 383 140 62 243
internal_count=614 515 481 98 99 64 383 140 62 243
is_linear=0
shrinkage=0.2


Tree=23
num_leaves=12
num_cat=0
split_feature=1 3 1 3 3 0 3 3 0 1 0
split_gain=0.0152779 0.147703 0.00692962 0.0062402 0.00549548 0.00373625 0.0038185 0.00206395 0.00145396 0.000656559 0.00283961
threshold=1.0000000180025095e-35 -1.383314525855508 0.84134494906376878 1.0000000180025095e-35 1.0000000180025095e-35 1.6928635863796766 0.6682678868867189 1.0000000180025095e-35 -0.11085790404915845 -0.29027783018081799 -0.34818967910558424
decision_type=2 2 2 2 2 2 2 2 2 2 2
left_child=1 -1 3 -2 9 6 -6 -4 -9 10 -3
right_child=2 4 7 -5 5 -7 -8 8 -10 -11 -12
leaf_value=-0.015603305384516717 0.0046543112754620416 0.0025060192208677052 -0.00081964920723943838 0.0013914450984884752 -0.0013803896058438899 0.0018341900330657761 0.00025714166252475837 4.4677656842395666e-05 0.001966534295464836 0.0019628788857759599 6.019326653901716e-05
leaf_weight=25 37 31 42 64 111 30 117 32 31 45 49
leaf_count=25 37 31 42 64 111 30 117 32 31 45 49
internal_value=-7.52007e-12 -0.000708895 0.00140402 0.00258675 0.000263325 -0.000264 -0.000540078 0.000266352 0.000990353 0.00135172 0.00100795
internal_weight=614 408 206 101 383 258 228 105 63 125 80
internal_count=614 408 206 101 383 258 228 105 63 125 80
is_linear=0
shrinkage=0.2


Tree=24
num_leaves=12
num_cat=0
split_feature=1 3 3 1 3 0 0 0 1 3 10
split_gain=0.0115412 0.0922341 0.00751578 0.0181719 0.00560598 0.00484801 0.00294062 0.00290373 0.00141063 0.00174581 0.00134862
threshold=-0.29027783018081799 -1.383314525855508 1.0000000180025095e-35 1.0000000180025095e-35 1.0000000180025095e-35 -0.34818967910558424 -0.11085790404915845 1.6928635863796766 1.0000000180025095e-35 0.6682678868867189 1.0000000180025095e-35
decision_type=2 2 2 2 2 2 2 2 2 2 2
left_child=4 -2 3 -3 5 -1 -5 -6 9 -4 -10
right_child=1 2 8 6 7 -7 -8 -9 10 -11 -12
leaf_value=-0.00041677951634887402 0.012448205545544625 0.0015703030659965913 -0.00091754688449630832 -0.0048703160033457815 -0.00071555613125943085 -0.0033618527147879478 -0.0021375085526545135 0.0014673520667323223 0.0012846556147514373 0.00077108821878209711 -0.00033055498139359632
leaf_weight=36 25 45 48 36 130 59 28 30 101 50 26
leaf_count=36 25 45 48 36 130 59 28 30 101 50 26
internal_value=2.03229e-12 0.000730794 -0.000146258 -0.00150934 -0.00102884 -0.00224582 -0.00367471 -0.000306261 0.00051408 -5.59984e-05 0.000953983
internal_weight=614 359 334 109 255 95 64 160 225 98 127
internal_count=614 359 334 109 255 95 64 160 225 98 127
is_linear=0
shrinkage=0.2


Tree=25
num_leaves=12
num_cat=0
split_feature=1 3 3 1 3 0 0 10 3 3 0
split_gain=0.00858766 0.106735 0.0042538 0.00418812 0.00472557 0.00184707 0.00146729 0.000977355 0.00116472 0.000901679 0.000743037
threshold=1.0000000180025095e-35 -1.383314525855508 1.0000000180025095e-35 0.84134494906376878 1.0000000180025095e-35 1.1232673262442552 -0.58552145416201007 1.0000000180025095e-35 1.0000000180025095e-35 0.6682678868867189 1.1232673262442552
decision_type=2 2 2 2 2 2 2 2 2 2 2
left_child=1 -1 6 4 -2 9 -3 8 -5 -4 -8
right_child=3 2 5 7 -6 -7 10 -9 -10 -11 -12
leaf_value=-0.013192880898714066 0.0037713397596333478 0.00010844451837439204 -0.00092137956100526042 -0.00048799763730306535 0.00093193792440615653 0.000782507871026023 0.0020485782188304244 -0.0010170016469518569 0.0010608094347005065 -6.2318931636626564e-05 0.00082520210858562891
leaf_weight=25 37 33 93 31 64 62 63 22 52 103 29
leaf_count=25 37 33 93 31 64 62 63 22 52 103 29
internal_value=5.35624e-13 -0.00053148 0.000294982 0.00105264 0.00197211 -0.00016896 0.00125256 0.000168192 0.000482339 -0.000469934 0.00166295
internal_weight=614 408 383 206 101 258 125 105 83 196 92
internal_count=614 408 383 206 101 258 125 105 83 196 92
is_linear=0
shrinkage=0.2


Tree=26
num_leaves=12
num_cat=0
split_feature=1 3 0 3 13 3 0 0 3 0 0
split_gain=0.00593392 0.019196 0.00581402 0.0108333 0.00195149 0.00347322 0.00167878 0.00155322 0.00140795 0.000881165 0.000402863
threshold=-0.85608921980311126 -1.383314525855508 -1.0601850042748606 1.0000000180025095e-35 1.0000000180025095e-35 1.0000000180025095e-35 0.74353648615397361 1.6928635863796766 1.0000000180025095e-35 -0.34818967910558424 -1.2500504243200012
decision_type=2 2 2 2 2 2 2 2 2 2 2
left_child=4 -2 3 -3 5 -1 8 -8 -4 -7 -5
right_child=1 2 6 10 -6 9 7 -9 -10 -11 -12
leaf_value=-0.0038595678224228325 0.004865273667554207 -0.0041862293676887125 -0.00072498293311110075 -0.00031794402893865482 6.9803228745093717e-05 -0.0017743461020290853 0.001317361256440834 -0.00010093829452829516 0.00030974738134340534 -5.9025077675671686e-05 0.00070221758602807924
leaf_weight=25 34 36 77 32 26 25 94 46 166 23 30
leaf_count=25 34 36 77 32 26 25 94 46 166 23 30
internal_value=1.91364e-12 0.000272603 -5.20348e-05 -0.00142665 -0.00141809 -0.00194802 0.000299695 0.000851349 -1.81301e-05 -0.000952421 0.000175683
internal_weight=614 515 481 98 99 73 383 140 243 48 62
internal_count=614 515 481 98 99 73 383 140 243 48 62
is_linear=0
shrinkage=0.2


Tree=27
num_leaves=12
num_cat=0
split_feature=1 3 3 1 3 12 0 1 0 10 3
split_gain=0.00637797 0.0759704 0.00358758 0.00235194 0.00393668 0.00166726 0.00161102 0.00114112 0.00108796 0.000604668 0.000452135
threshold=1.0000000180025095e-35 -1.383314525855508 1.0000000180025095e-35 0.84134494906376878 1.0000000180025095e-35 1.0000000180025095e-35 1.6928635863796766 -0.85608921980311126 0.74353648615397361 1.0000000180025095e-35 1.0000000180025095e-35
decision_type=2 2 2 2 2 2 2 2 2 2 2
left_child=1 -1 7 4 -2 6 -4 -3 -9 10 -5
right_child=3 2 5 9 -6 -7 -8 8 -10 -11 -12
leaf_value=-0.011140002213418484 0.0032383881583636803 0.0022180866787274338 -0.00011186077043376651 -0.00011310370060645283 0.0006468067987043469 -0.0011005067962153098 0.0016691832825966669 0.0001270971143955593 0.0014739683387736653 -0.00068785792893984101 0.00085188144109382019
leaf_weight=25 37 29 174 31 64 61 23 49 47 22 52
leaf_count=25 37 29 174 31 64 61 23 49 47 22 52
internal_value=-2.42927e-12 -0.000458026 0.000239231 0.000907159 0.0015962 -0.000186835 9.60784e-05 0.00111863 0.000786503 0.000244369 0.000491465
internal_weight=614 408 383 206 101 258 197 125 96 105 83
internal_count=614 408 383 206 101 258 197 125 96 105 83
is_linear=0
shrinkage=0.2


Tree=28
num_leaves=9
num_cat=0
split_feature=0 3 0 3 0 3 0 12
split_gain=0.00617721 0.015161 0.00459222 0.00755153 0.00196867 0.00491012 0.000253365 0.000229599
threshold=1.6928635863796766 -1.383314525855508 -1.0601850042748606 1.0000000180025095e-35 0.74353648615397361 1.0000000180025095e-35 -1.2500504243200012 1.0000000180025095e-35
decision_type=2 2 2 2 2 2 2 2
left_child=1 -1 3 -3 7 -6 -5 -4
right_child=-2 2 4 6 5 -7 -8 -9
leaf_value=0.0041005051738859438 -0.0021541113509055301 -0.0036269271191688153 6.324669757593675e-05 -0.00037661452370230108 0.0030638538421161716 -1.0748040984340368e-05 0.00043241269828286027 -0.00031856062968948947
leaf_weight=37 49 36 252 32 31 63 30 84
leaf_count=37 49 36 252 32 31 63 30 84
internal_value=-1.21203e-11 0.000186817 -8.7438e-05 -0.00132295 0.000194143 0.00100322 1.48503e-05 -3.22051e-05
internal_weight=614 565 528 98 430 94 62 336
internal_count=614 565 528 98 430 94 62 336
is_linear=0
shrinkage=0.2


Tree=29
num_leaves=12
num_cat=0
split_feature=1 3 3 0 3 0 1 11 1 3 10
split_gain=0.00490377 0.0561128 0.0016968 0.00156788 0.00150333 0.00149241 0.000902645 0.000655414 0.000295522 0.000530584 0.000388712
threshold=1.0000000180025095e-35 -1.383314525855508 1.0000000180025095e-35 1.6928635863796766 0.6682678868867189 1.0000000180025095e-35 -0.85608921980311126 1.0000000180025095e-35 0.84134494906376878 1.0000000180025095e-35 1.0000000180025095e-35
decision_type=2 2 2 2 2 2 2 2 2 2 2
left_child=1 -1 6 4 -4 8 -3 -8 9 -2 -10
right_child=5 2 3 -5 -6 -7 7 -9 10 -11 -12
leaf_value=-0.0095819920189678665 0.0016566867274897441 0.0017802520711296078 -0.00080149148397886001 0.0012638055188775373 0.00022598000756478829 0.0017463040411821566 0.00022208007065126223 0.0014654379507357425 0.00049694671929555851 0.00034593020003133767 -0.00044861157392998315
leaf_weight=25 21 29 111 30 117 50 74 22 83 30 22
leaf_count=25 21 29 111 30 117 50 74 22 83 30 22
internal_value=-9.97541e-12 -0.000401619 0.000197622 -9.53943e-05 -0.000274236 0.00079544 0.000802407 0.000507016 0.000490676 0.000885653 0.00029883
internal_weight=614 408 383 258 228 206 125 96 156 51 105
internal_count=614 408 383 258 228 206 125 96 156 51 105
is_linear=0
shrinkage=0.2


Tree=30
num_leaves=9
num_cat=0
split_feature=0 3 0 3 0 3 0 0
split_gain=0.00424335 0.0173184 0.00319875 0.0052156 0.00151281 0.00270161 0.000419343 0.000162482
threshold=1.6928635863796766 -1.383314525855508 -1.0601850042748606 1.0000000180025095e-35 0.74353648615397361 1.0000000180025095e-35 1.0000000180025095e-35 -1.2500504243200012
decision_type=2 2 2 2 2 2 2 2
left_child=1 -1 3 -3 6 -6 -4 -5
right_child=-2 2 4 7 5 -7 -8 -9
leaf_value=0.0043377253025568821 -0.0017853633797613488 -0.0030841966085265286 3.8587636723959848e-05 -0.00037113236467121172 0.0023344721885458115 5.3845424770857096e-05 -0.00045756380637421417 0.00027674416953232139
leaf_weight=37 49 36 241 32 31 63 95 30
leaf_count=37 49 36 241 32 31 63 95 30
internal_value=8.89646e-13 0.000154837 -0.000138282 -0.00116944 9.67255e-05 0.000805967 -0.000101693 -5.76437e-05
internal_weight=614 565 528 98 430 94 336 62
internal_count=614 565 528 98 430 94 336 62
is_linear=0
shrinkage=0.2


Tree=31
num_leaves=9
num_cat=0
split_feature=1 3 0 3 0 3 0 0
split_gain=0.00425831 0.0115704 0.00219597 0.00333799 0.000878358 0.000715812 0.000279077 0.000103988
threshold=-1.4219006094254045 -1.383314525855508 -1.0601850042748606 1.0000000180025095e-35 0.74353648615397361 0.6682678868867189 1.0000000180025095e-35 -1.2500504243200012
decision_type=2 2 2 2 2 2 2 2
left_child=-1 -2 3 -3 6 -6 -4 -5
right_child=1 2 4 7 5 -7 -8 -9
leaf_value=-0.0017885064126505535 0.0036245326925483019 -0.0024673572437475541 5.163362006804127e-05 -0.00029690590927202722 0.0002085857860018881 0.001171418009882631 -0.00036605107708294923 0.00022139530357283852
leaf_weight=49 36 36 196 32 94 46 95 30
leaf_count=49 36 36 196 32 94 46 95 30
internal_value=2.43756e-12 0.000155109 -8.0995e-05 -0.000935551 0.000113312 0.000524945 -8.47239e-05 -4.6115e-05
internal_weight=614 565 529 98 431 140 291 62
internal_count=614 565 529 98 431 140 291 62
is_linear=0
shrinkage=0.2


Tree=32
num_leaves=12
num_cat=0
split_feature=1 3 3 1 12 0 0 3 0 0 10
split_gain=0.00439847 0.0487569 0.00142777 0.0025389 0.000994008 0.000660885 0.000530028 0.000488487 0.00156885 0.00125946 0.000469245
threshold=1.0000000180025095e-35 -1.383314525855508 1.0000000180025095e-35 0.84134494906376878 1.0000000180025095e-35 -0.34818967910558424 1.1232673262442552 1.0000000180025095e-35 1.6928635863796766 -0.34818967910558424 1.0000000180025095e-35
decision_type=2 2 2 2 2 2 2 2 2 2 2
left_child=1 -1 3 -2 7 -6 -7 9 -9 -3 -4
right_child=2 4 10 -5 5 6 -8 8 -10 -11 -12
leaf_value=-0.0089378738291561611 0.0026289301433575318 0.0016868155283321228 0.00053312001504363625 0.00035675869190267159 -0.0010598499964948537 0.00052117872043579291 -0.00071475572426013816 -2.0916975319422997e-05 0.0017366663623682183 0.00016260591597018535 -0.00041964140523654913
leaf_weight=25 37 35 101 42 36 35 23 174 23 57 26
leaf_count=25 37 35 101 42 36 35 23 174 23 57 26
internal_value=1.08025e-11 -0.000380365 0.000753343 0.00142094 0.00017822 -0.000386731 3.10668e-05 0.000361975 0.000184283 0.000742468 0.000338066
internal_weight=614 408 206 79 383 94 58 289 197 92 127
internal_count=614 408 206 79 383 94 58 289 197 92 127
is_linear=0
shrinkage=0.2


Tree=33
num_leaves=9
num_cat=0
split_feature=0 3 0 3 0 3 0 0
split_gain=0.00341052 0.0132534 0.00183028 0.00263983 0.000690149 0.00185782 0.000344478 7.13511e-05
threshold=1.6928635863796766 -1.383314525855508 -1.0601850042748606 1.0000000180025095e-35 0.74353648615397361 1.0000000180025095e-35 1.0000000180025095e-35 -1.2500504243200012
decision_type=2 2 2 2 2 2 2 2
left_child=1 -1 3 -3 6 -6 -4 -5
right_child=-2 2 4 7 5 -7 -8 -9
leaf_value=0.0037980120201167224 -0.0016005974890170049 -0.0022598315276102059 5.3284431200743074e-05 -0.00031437485722562997 0.0018067275143919454 -8.4504610530862089e-05 -0.00039640200282998485 0.00011495441431179643
leaf_weight=37 49 36 241 32 31 63 95 30
leaf_count=37 49 36 241 32 31 63 95 30
internal_value=-1.64171e-11 0.000138813 -0.000117608 -0.000897605 6.01584e-05 0.0005392 -7.38591e-05 -0.000106635
internal_weight=614 565 528 98 430 94 336 62
internal_count=614 565 528 98 430 94 336 62
is_linear=0
shrinkage=0.2


Tree=34
num_leaves=12
num_cat=0
split_feature=1 3 3 0 3 1 1 0 1 1 1
split_gain=0.00331396 0.0445431 0.00319271 0.0028443 0.00269878 0.00418755 0.00512862 0.00160079 0.000639654 0.00112574 0.000498684
threshold=-0.29027783018081799 -1.383314525855508 1.0000000180025095e-35 -0.34818967910558424 1.0000000180025095e-35 1.0000000180025095e-35 0.84134494906376878 1.6928635863796766 -1.4219006094254045 -0.85608921980311126 1.690062033497209
decision_type=2 2 2 2 2 2 2 2 2 2 2
left_child=2 -2 3 -1 5 -3 -7 8 -4 -10 -6
right_child=1 4 7 -5 10 6 -8 -9 9 -11 -12
leaf_value=-6.8747575440081881e-05 0.0085344483405351643 0.00044366093921578595 0.00050007195904375602 -0.0023245548782080921 5.8778060945807048e-05 -0.004041040518545899 -0.00044448216204598015 0.0013108837235874188 -0.0014878290664295064 -7.1257595978253956e-05 0.00092265615619966886
leaf_weight=36 25 45 30 59 194 29 35 30 34 66 31
leaf_count=36 25 45 30 59 194 29 35 30 34 66 31
internal_value=2.45765e-11 0.000391599 -0.00055131 -0.00146972 -0.000217895 -0.0010347 -0.00207417 -6.00324e-06 -0.0003099 -0.000552892 0.000177801
internal_weight=614 359 255 95 334 109 64 160 130 100 225
internal_count=614 359 255 95 334 109 64 160 130 100 225
is_linear=0
shrinkage=0.2


Tree=35
num_leaves=12
num_cat=0
split_feature=1 3 3 1 3 1 0 3 0 0 3
split_gain=0.00297328 0.0422034 0.00115697 0.00257412 0.000844924 0.00107371 0.000933028 0.000838414 0.0004803 0.000355512 8.82603e-05
threshold=1.0000000180025095e-35 -1.383314525855508 1.0000000180025095e-35 0.84134494906376878 1.0000000180025095e-35 -0.85608921980311126 1.6928635863796766 0.6682678868867189 0.74353648615397361 -0.11085790404915845 0.6682678868867189
decision_type=2 2 2 2 2 2 2 2 2 2 2
left_child=1 -1 3 -2 5 -3 7 -6 -7 -4 -11
right_child=2 4 9 -5 6 8 -8 -9 -10 10 -12
leaf_value=-0.0082743766009807582 0.0024366816213178275 0.001700218363086982 -9.706355856671449e-05 0.00014880648148911342 -0.00053152173921688212 -0.00012656402968972617 0.0010487070353701713 0.00023579073641508916 0.00076833652788178722 0.00080903533180389788 0.00034287278117104011
leaf_weight=25 37 29 62 42 111 49 30 117 47 32 33
leaf_count=25 37 29 62 42 111 49 30 117 47 32 33
internal_value=-8.1339e-12 -0.000312728 0.000619384 0.00122034 0.000206962 0.000633732 1.93078e-07 -0.000137769 0.000311564 0.000245559 0.000572368
internal_weight=614 408 206 79 383 125 258 228 96 127 65
internal_count=614 408 206 79 383 125 258 228 96 127 65
is_linear=0
shrinkage=0.2


Tree=36
num_leaves=10
num_cat=0
split_feature=0 3 1 3 1 3 0 13 10
split_gain=0.00238322 0.00738709 0.00137966 0.00465995 0.00440932 0.00136399 0.000873997 0.000555893 0.000303148
threshold=1.6928635863796766 -1.383314525855508 1.0000000180025095e-35 1.0000000180025095e-35 0.84134494906376878 1.0000000180025095e-35 -0.58552145416201007 1.0000000180025095e-35 1.0000000180025095e-35
decision_type=2 2 2 2 2 2 2 2 2
left_child=1 -1 5 4 -4 6 -3 -7 -5
right_child=-2 2 3 8 -6 7 -8 -9 -10
leaf_value=0.0028478995343116493 -0.0013379939689243936 -0.00010952713192003131 -0.0037201688319830036 0.00035322393650318138 -0.00038534706175726442 7.0085330337047041e-05 0.0011231076791821243 -0.00065111771221844513 -0.00041256996337324381
leaf_weight=37 49 33 29 101 35 171 76 57 26
leaf_count=37 49 33 29 101 35 171 76 57 26
internal_value=6.02281e-12 0.000116038 -7.53988e-05 -0.000504834 -0.00189644 0.00016799 0.000749925 -0.000110215 0.000196447
internal_weight=614 565 528 191 64 337 109 228 127
internal_count=614 565 528 191 64 337 109 228 127
is_linear=0
shrinkage=0.2


Tree=37
num_leaves=9
num_cat=0
split_feature=1 3 0 11 3 1 1 10
split_gain=0.00236232 0.00496198 0.000996455 0.000497711 0.000492335 0.00362661 0.00114966 0.000347057
threshold=-1.4219006094254045 -1.383314525855508 0.74353648615397361 1.0000000180025095e-35 1.0000000180025095e-35 -0.29027783018081799 -0.85608921980311126 1.0000000180025095e-35
decision_type=2 2 2 2 2 2 2 2
left_child=-1 -2 4 7 5 -3 -6 -4
right_child=1 2 3 -5 6 -7 -8 -9
leaf_value=-0.0013321141607237372 0.0023875369767968856 0.0013538273102547524 -5.8026944420167385e-05 0.0010594087491174124 -0.0011320123359944453 -0.0011342616542909432 0.00011467559540522001 0.00072083199967678147
leaf_weight=49 36 31 70 36 34 96 228 34
leaf_count=49 36 31 70 36 34 96 228 34
internal_value=-2.81499e-12 0.000115528 -3.90884e-05 0.000418465 -0.000203761 -0.000526933 -4.71083e-05 0.0001966
internal_weight=614 565 529 140 389 127 262 104
internal_count=614 565 529 140 389 127 262 104
is_linear=0
shrinkage=0.2


Tree=38
num_leaves=12
num_cat=0
split_feature=1 3 3 1 12 0 3 0 3 0 0
split_gain=0.00251114 0.0341296 0.00156657 0.00257016 0.000586234 0.000457762 0.000368923 0.000290357 0.000444466 0.000397271 0.000230378
threshold=1.0000000180025095e-35 -1.383314525855508 1.0000000180025095e-35 0.84134494906376878 1.0000000180025095e-35 -0.34818967910558424 1.0000000180025095e-35 1.1232673262442552 0.6682678868867189 0.41127200107497791 -0.11085790404915845
decision_type=2 2 2 2 2 2 2 2 2 2 2
left_child=1 -1 3 -2 7 -6 -7 9 -9 -3 -4
right_child=2 4 10 -5 5 6 -8 8 -10 -11 -12
leaf_value=-0.0074470982626080517 0.0024839128532393433 0.000402052593433413 -0.00014158706048727899 0.00019779876179416619 -0.00081412359981590683 0.00076333565493336044 -0.00028620984057606372 0.00032885069655173502 0.0014218339802358638 -0.00016426847618762017 0.00039730266676857502
leaf_weight=25 37 146 62 42 36 21 37 46 22 75 65
leaf_count=25 37 146 62 42 36 21 37 46 22 75 65
internal_value=2.97141e-13 -0.000287399 0.000569217 0.00126851 0.000179945 -0.000253917 9.3798e-05 0.000321062 0.000682463 0.000209862 0.000134223
internal_weight=614 408 206 79 383 94 58 289 68 221 127
internal_count=614 408 206 79 383 94 58 289 68 221 127
is_linear=0
shrinkage=0.2


Tree=39
num_leaves=10
num_cat=0
split_feature=0 3 1 3 1 3 0 3 10
split_gain=0.0018587 0.0064336 0.00101013 0.00287682 0.00387212 0.000754973 0.000573532 0.000515354 0.000196309
threshold=1.6928635863796766 -1.383314525855508 1.0000000180025095e-35 1.0000000180025095e-35 0.84134494906376878 1.0000000180025095e-35 -0.58552145416201007 0.6682678868867189 1.0000000180025095e-35
decision_type=2 2 2 2 2 2 2 2 2
left_child=1 -1 5 4 -4 6 -3 -7 -5
right_child=-2 2 3 8 -6 7 -8 -9 -10
leaf_value=0.0026519411551841612 -0.0011816172922928152 -0.00013119158596082618 -0.0032460652797579254 0.00023353889811176599 -0.00012098502035119705 -0.00038360701008649495 0.00086733192197004289 0.00021797645471778173 -0.00038270796906614968
leaf_weight=37 49 33 29 101 35 111 76 117 26
leaf_count=37 49 33 29 101 35 111 76 117 26
internal_value=-1.75381e-12 0.000102477 -7.61791e-05 -0.00044363 -0.00153704 0.000132079 0.000565027 -7.48997e-05 0.000107378
internal_weight=614 565 528 191 64 337 109 228 127
internal_count=614 565 528 191 64 337 109 228 127
is_linear=0
shrinkage=0.2


Tree=40
num_leaves=12
num_cat=0
split_feature=1 3 3 1 12 0 0 0 3 0 0
split_gain=0.00192996 0.0251338 0.00141295 0.00258181 0.000373649 0.000334944 0.000294734 0.000292138 0.000277212 0.000209201 0.000169858
threshold=1.0000000180025095e-35 -1.383314525855508 1.0000000180025095e-35 0.84134494906376878 1.0000000180025095e-35 1.1232673262442552 0.41127200107497791 -0.34818967910558424 0.6682678868867189 1.1232673262442552 -1.2500504243200012
decision_type=2 2 2 2 2 2 2 2 2 2 2
left_child=1 -1 3 -2 5 6 -3 -6 -7 -9 -4
right_child=2 4 10 -5 7 8 -8 9 -10 -11 -12
leaf_value=-0.0063960613310337063 0.002381294410096834 0.0003078646560188396 -0.00031262423144653442 9.0005160364810206e-05 -0.00064481061029558382 0.0003706531725702403 -0.00017992646050212597 0.00038841150592946051 0.0012338311866518449 -0.00038806506756531157 0.00022014310781071943
leaf_weight=25 37 146 32 42 36 46 75 35 22 23 95
leaf_count=25 37 146 32 42 36 46 75 35 22 23 95
internal_value=1.29273e-11 -0.000251955 0.000499018 0.00116314 0.000149096 0.000261758 0.000142325 -0.00019728 0.000649917 8.04984e-05 8.59025e-05
internal_weight=614 408 206 79 383 289 221 94 68 58 127
internal_count=614 408 206 79 383 289 221 94 68 58 127
is_linear=0
shrinkage=0.2


Tree=41
num_leaves=10
num_cat=0
split_feature=1 3 1 3 1 3 0 0 10
split_gain=0.00147068 0.00721661 0.000897925 0.00247093 0.0034699 0.000295855 0.000982233 0.000276679 0.000129745
threshold=-1.4219006094254045 -1.383314525855508 1.0000000180025095e-35 1.0000000180025095e-35 0.84134494906376878 1.0000000180025095e-35 1.6928635863796766 -0.58552145416201007 1.0000000180025095e-35
decision_type=2 2 2 2 2 2 2 2 2
left_child=-1 -2 5 4 -4 7 -7 -3 -5
right_child=1 2 3 8 -6 6 -8 -9 -10
leaf_value=-0.0010510678679268922 0.0028311454157422607 -0.0001145620985577504 -0.0030731111006201085 0.0001712870863707169 -0.00011478904368621964 -0.0001909871921978063 0.0010370497816378096 0.00057760715762806409 -0.00032970394923512896
leaf_weight=49 36 33 29 101 35 198 30 77 26
leaf_count=49 36 33 29 101 35 198 30 77 26
internal_value=-7.63265e-12 9.11546e-05 -9.53099e-05 -0.000441938 -0.00145528 0.000100566 -2.94034e-05 0.000369956 6.8722e-05
internal_weight=614 565 529 191 64 338 228 110 127
internal_count=614 565 529 191 64 338 228 110 127
is_linear=0
shrinkage=0.2


Tree=42
num_leaves=10
num_cat=0
split_feature=0 3 1 3 1 3 1 0 1
split_gain=0.0017226 0.00476829 0.000666148 0.0015814 0.00222074 0.000348707 0.00059814 0.000295638 0.000121549
threshold=1.6928635863796766 -1.383314525855508 1.0000000180025095e-35 1.0000000180025095e-35 0.84134494906376878 1.0000000180025095e-35 -1.4219006094254045 -0.58552145416201007 1.690062033497209
decision_type=2 2 2 2 2 2 2 2 2
left_child=1 -1 5 4 -4 7 -7 -3 -5
right_child=-2 2 3 8 -6 6 -8 -9 -10
leaf_value=0.0022934959786063114 -0.0011375340022507826 -9.1649673060711592e-05 -0.0024584888849921269 -5.6208251074470664e-05 -9.1831222775259186e-05 0.00080551939085125922 -0.00015278975309532445 0.00062525215019520965 0.00039929514361222485
leaf_weight=37 49 33 29 96 35 30 198 76 31
leaf_count=37 49 33 29 96 35 30 198 76 31
internal_value=1.10775e-11 9.86534e-05 -5.51519e-05 -0.00035355 -0.00116422 0.00011397 -2.66964e-05 0.000408208 5.49776e-05
internal_weight=614 565 528 191 64 337 228 109 127
internal_count=614 565 528 191 64 337 228 109 127
is_linear=0
shrinkage=0.2


Tree=43
num_leaves=12
num_cat=0
split_feature=1 3 1 3 0 10 12 0 13 0 0
split_gain=0.00172734 0.0216077 0.00168567 0.004413 0.000403693 0.000269598 0.000238711 0.000288849 0.000263309 0.000165053 0.000127875
threshold=1.0000000180025095e-35 -1.383314525855508 1.690062033497209 1.0000000180025095e-35 -1.2500504243200012 1.0000000180025095e-35 1.0000000180025095e-35 1.6928635863796766 1.0000000180025095e-35 -0.34818967910558424 1.1232673262442552
decision_type=2 2 2 2 2 2 2 2 2 2 2
left_child=1 -1 3 4 -2 -5 7 8 -3 -8 -11
right_child=2 6 -4 5 -6 -7 9 -9 -10 10 -12
leaf_value=-0.0059352019503712654 0.001483540834211137 0.00029423992630601037 -0.0005384580881800503 0.00012696716474142465 0.0025505451649125363 -0.0006983150512678549 -0.00047974862908530571 0.00077112295642591032 -0.00013688114064279943 0.00030616595443072066 -0.00030090403945549676
leaf_weight=25 23 170 50 76 37 20 36 34 85 35 23
leaf_count=25 23 170 50 76 37 20 36 34 85 35 23
internal_value=-5.69753e-12 -0.000238363 0.000472097 0.000795992 0.00214153 -4.49666e-05 0.000133494 0.000223543 0.000150533 -0.000143361 6.54313e-05
internal_weight=614 408 206 156 60 96 383 289 255 94 58
internal_count=614 408 206 156 60 96 383 289 255 94 58
is_linear=0
shrinkage=0.2


Tree=44
num_leaves=11
num_cat=0
split_feature=1 3 3 1 1 3 0 0 11 13
split_gain=0.00124055 0.00771405 0.00103567 0.00140883 0.0020821 0.00103023 0.00085085 0.000565703 0.000627904 0.000313845
threshold=-0.85608921980311126 -1.383314525855508 1.0000000180025095e-35 1.0000000180025095e-35 0.84134494906376878 1.0000000180025095e-35 -0.34818967910558424 1.6928635863796766 1.0000000180025095e-35 1.0000000180025095e-35
decision_type=2 2 2 2 2 2 2 2 2 2
left_child=5 -2 3 9 -5 -1 -7 8 -4 -3
right_child=1 2 7 4 -6 6 -8 -9 -10 -11
leaf_value=-0.0015208355604512951 0.0030360343934529846 0.00019651379633513796 -0.00013698884784714034 -0.0024769001511921146 -0.00018530471100738007 -0.00085627347117919912 0.00060505040911569574 0.00095295000127710704 0.00052627466942888133 -0.00063861124993612375
leaf_weight=35 34 72 213 29 35 34 30 30 78 24
leaf_count=35 34 72 213 29 35 34 30 30 78 24
internal_value=-1.18157e-11 0.000124643 -8.11521e-05 -0.000496834 -0.00122368 -0.000648394 -0.000171278 0.000126041 4.07931e-05 -1.22675e-05
internal_weight=614 515 481 160 64 99 64 321 291 96
internal_count=614 515 481 160 64 99 64 321 291 96
is_linear=0
shrinkage=0.2


Tree=45
num_leaves=10
num_cat=0
split_feature=0 3 1 3 1 3 1 13 1
split_gain=0.00155069 0.00340213 0.000449677 0.00117056 0.00133255 0.000337735 0.000461268 0.000309215 0.00013203
threshold=1.6928635863796766 -1.383314525855508 1.0000000180025095e-35 1.0000000180025095e-35 0.84134494906376878 1.0000000180025095e-35 -0.85608921980311126 1.0000000180025095e-35 1.690062033497209
decision_type=2 2 2 2 2 2 2 2 2
left_child=1 -1 5 4 -4 6 -3 -7 -5
right_child=-2 2 3 8 -6 7 -8 -9 -10
leaf_value=0.0019475492732158887 -0.0010792799477452977 0.0010755529868063229 -0.0019815201052175518 -4.5884095804164349e-05 -0.00014824377023614943 9.8672631727354543e-05 0.00014449700218392537 -0.00043921588898101306 0.0004288507875190267
leaf_weight=37 49 29 29 96 35 171 80 57 31
leaf_count=37 49 29 29 96 35 171 80 57 31
internal_value=4.92075e-12 9.36013e-05 -3.63155e-05 -0.000281482 -0.000978947 0.000102637 0.000392209 -3.57995e-05 6.99961e-05
internal_weight=614 565 528 191 64 337 109 228 127
internal_count=614 565 528 191 64 337 109 228 127
is_linear=0
shrinkage=0.2


Tree=46
num_leaves=12
num_cat=0
split_feature=1 3 1 3 0 12 0 0 10 3 0
split_gain=0.00142619 0.0182597 0.00149066 0.00370225 0.000750887 0.000169441 0.000255063 0.000193636 0.00014879 0.000100998 6.14958e-05
threshold=1.0000000180025095e-35 -1.383314525855508 1.690062033497209 1.0000000180025095e-35 -1.2500504243200012 1.0000000180025095e-35 1.6928635863796766 0.41127200107497791 1.0000000180025095e-35 1.0000000180025095e-35 -1.2500504243200012
decision_type=2 2 2 2 2 2 2 2 2 2 2
left_child=1 -1 3 4 -2 6 7 -3 10 -7 -5
right_child=2 5 -4 8 -6 9 -8 -9 -10 -11 -12
leaf_value=-0.0054535047486424446 0.001068598660134265 0.0002830927211792573 -0.00052133157488424328 0.00033338228068142029 0.0025238172475223405 0.0001738522392274304 0.00071567271404680529 -6.9199620325272106e-05 -0.00052207739892764951 -0.00026048665034172474 -4.2523903984871069e-05
leaf_weight=25 23 146 50 27 37 33 34 109 20 61 49
leaf_count=25 23 146 50 27 37 33 34 109 20 61 49
internal_value=2.221e-12 -0.00021659 0.000428973 0.000733558 0.00196598 0.000125246 0.000201113 0.000132505 -3.67073e-05 -0.000108006 9.10217e-05
internal_weight=614 408 206 156 60 383 289 255 96 94 76
internal_count=614 408 206 156 60 383 289 255 96 94 76
is_linear=0
shrinkage=0.2


Tree=47
num_leaves=12
num_cat=0
split_feature=0 0 3 1 3 0 3 1 3 3 10
split_gain=0.00129008 0.00359903 0.0072092 0.00237937 0.00350825 0.00419236 0.00194083 0.0010675 0.00214313 0.000431842 0.000300746
threshold=0.74353648615397361 1.6928635863796766 1.0000000180025095e-35 1.0000000180025095e-35 1.0000000180025095e-35 -0.34818967910558424 0.6682678868867189 0.84134494906376878 1.0000000180025095e-35 0.6682678868867189 1.0000000180025095e-35
decision_type=2 2 2 2 2 2 2 2 2 2 2
left_child=3 2 -2 4 5 -1 -4 8 -5 -10 -6
right_child=1 -3 6 7 10 -7 -8 -9 9 -11 -12
leaf_value=-0.00041807784106243746 0.0034160633835740189 -0.00089206976616489043 -0.0011595959531735967 0.0020190538146306536 -0.00016222228614857332 -0.0031289538842825915 0.0010630791269553206 -0.0001033464818915707 -0.00039663701741532854 0.00064291073030026092 0.00047333407072493671
leaf_weight=55 37 49 33 37 126 39 30 105 33 31 39
leaf_count=55 37 49 33 37 126 39 30 105 33 31 39
internal_value=-1.04731e-11 0.000512138 0.0012002 -0.000164105 -0.000567581 -0.0015428 -0.000101179 0.000343179 0.000807388 0.000106894 -1.19999e-05
internal_weight=614 149 100 465 259 94 63 206 101 64 165
internal_count=614 149 100 465 259 94 63 206 101 64 165
is_linear=0
shrinkage=0.2


Tree=48
num_leaves=12
num_cat=0
split_feature=0 0 3 1 3 0 3 1 3 1 3
split_gain=0.000825651 0.00230338 0.00461389 0.0015228 0.00224528 0.00268311 0.00124213 0.000743051 0.00172853 0.000202429 0.000426521
threshold=0.74353648615397361 1.6928635863796766 1.0000000180025095e-35 1.0000000180025095e-35 1.0000000180025095e-35 -0.34818967910558424 0.6682678868867189 1.690062033497209 1.0000000180025095e-35 -1.4219006094254045 0.6682678868867189
decision_type=2 2 2 2 2 2 2 2 2 2 2
left_child=3 2 -2 4 5 -1 -4 8 -5 -6 -11
right_child=1 -3 6 7 9 -7 -8 -9 -10 10 -12
leaf_value=-0.00033446230756288228 0.0027328507786945479 -0.00071365578903113394 -0.00092767671654159624 0.0013316933692355331 0.00046032775038232405 -0.0025031630684959685 0.00085046333648885293 -0.00039639596146298574 -3.6728583412089694e-05 0.00024945602847517215 -0.00046170892251277528
leaf_weight=55 37 49 33 60 30 39 30 50 96 66 69
leaf_count=55 37 49 33 60 30 39 30 50 96 66 69
internal_value=2.96667e-12 0.000409711 0.00096016 -0.000131284 -0.000454065 -0.00123424 -8.09434e-05 0.000274543 0.000489588 -9.59991e-06 -0.000114028
internal_weight=614 149 100 465 259 94 63 206 156 165 135
internal_count=614 149 100 465 259 94 63 206 156 165 135
is_linear=0
shrinkage=0.2


Tree=49
num_leaves=12
num_cat=0
split_feature=1 3 3 3 1 1 0 0 1 1 1
split_gain=0.00053516 0.0147625 0.00146142 0.00143012 0.00145517 0.00244938 0.00102622 0.000944617 0.00021009 0.000263755 0.000184257
threshold=-0.29027783018081799 -1.383314525855508 1.0000000180025095e-35 1.0000000180025095e-35 1.0000000180025095e-35 0.84134494906376878 1.6928635863796766 -0.34818967910558424 -1.4219006094254045 -0.85608921980311126 1.690062033497209
decision_type=2 2 2 2 2 2 2 2 2 2 2
left_child=2 -2 7 4 -3 -6 8 -1 -4 -10 -5
right_child=1 3 6 10 5 -7 -8 -9 9 -11 -12
leaf_value=-3.554361044532723e-05 0.0048451273818500345 8.3371406912596702e-05 0.00036826222824553652 2.2184498594310522e-05 -0.0027601289988900858 -0.00027462233656219074 0.0012017806421499699 -0.0013355404995648206 -0.00068773732054978616 -2.0618637790903451e-06 0.00054729543842240087
leaf_weight=36 25 45 30 194 29 35 30 59 34 66 31
leaf_count=36 25 45 30 194 29 35 30 59 34 66 31
internal_value=1.92446e-12 0.000157366 -0.000221546 -0.000193515 -0.000788108 -0.00140087 0.000147388 -0.00084291 -9.5933e-05 -0.000235192 9.45331e-05
internal_weight=614 359 255 334 109 64 160 95 130 100 225
internal_count=614 359 255 334 109 64 160 95 130 100 225
is_linear=0
shrinkage=0.2


Tree=50
num_leaves=12
num_cat=0
split_feature=0 0 3 3 1 3 1 3 3 1 10
split_gain=0.000533201 0.00162571 0.0031373 0.00142166 0.000816483 0.0015371 0.0015676 0.000795389 0.000653948 0.000929874 0.00019236
threshold=0.74353648615397361 1.6928635863796766 1.0000000180025095e-35 -1.383314525855508 1.0000000180025095e-35 1.0000000180025095e-35 0.84134494906376878 0.6682678868867189 1.0000000180025095e-35 -0.85608921980311126 1.0000000180025095e-35
decision_type=2 2 2 2 2 2 2 2 2 2 2
left_child=3 2 -2 -1 8 6 -6 -4 9 -5 -10
right_child=1 -3 7 4 5 -7 -8 -9 10 -11 -12
leaf_value=-0.0014139777394912897 0.0022534543156153461 -0.00061450895659711071 -0.00074437409216030078 0.0016059805004825366 -0.0022081031945758857 8.1308869329669816e-05 -0.00021969787776470186 0.00067852004120747249 -0.0001145566416010889 0.00017711195681358177 0.00039373301297951585
leaf_weight=31 37 49 33 29 29 127 35 30 126 49 39
leaf_count=31 37 49 33 29 29 127 35 30 126 49 39
internal_value=-6.22485e-12 0.000329249 0.000791691 -0.000105501 -1.20388e-05 -0.000321457 -0.00112069 -6.68055e-05 0.000231166 0.000708358 5.58455e-06
internal_weight=614 149 100 465 434 191 64 63 243 78 165
internal_count=614 149 100 465 434 191 64 63 243 78 165
is_linear=0
shrinkage=0.2


Tree=51
num_leaves=12
num_cat=0
split_feature=1 3 1 3 0 0 3 3 3 13 3
split_gain=0.00068724 0.0120385 0.00110854 0.00213197 0.000458992 0.000418464 0.000804943 0.000418526 0.000276379 0.000185297 0.000351907
threshold=1.0000000180025095e-35 -1.383314525855508 0.84134494906376878 1.0000000180025095e-35 1.6928635863796766 0.74353648615397361 0.6682678868867189 1.0000000180025095e-35 0.6682678868867189 1.0000000180025095e-35 0.6682678868867189
decision_type=2 2 2 2 2 2 2 2 2 2 2
left_child=1 -1 3 -2 5 7 -7 -3 -5 10 -4
right_child=2 4 9 8 -6 6 -8 -9 -10 -11 -12
leaf_value=-0.0044025697857141494 0.0019793343006608054 0.00056668631417172342 -4.7298144272645005e-05 -0.00033066255484961657 0.00071982031734913344 -0.00071271057459370017 0.0005428160245840749 4.4676387033453494e-06 0.00050097560442443343 0.0002943329210177547 -0.00099132877816869472
leaf_weight=25 37 78 56 33 46 64 30 165 31 27 22
leaf_count=25 37 78 56 33 46 64 30 165 31 27 22
internal_value=-8.09406e-12 -0.00015035 0.000297781 0.000770829 0.00012721 4.63196e-05 -0.000312011 0.000184933 7.21622e-05 -0.000157247 -0.000313563
internal_weight=614 408 206 101 383 337 94 243 64 105 78
internal_count=614 408 206 101 383 337 94 243 64 105 78
is_linear=0
shrinkage=0.2


Tree=52
num_leaves=12
num_cat=0
split_feature=0 0 3 1 3 0 1 3 3 3 3
split_gain=0.000477285 0.0014275 0.00255881 0.00105657 0.001575 0.0014914 0.000709465 0.00136446 0.000309234 0.000225831 0.000429903
threshold=0.74353648615397361 1.6928635863796766 1.0000000180025095e-35 1.0000000180025095e-35 1.0000000180025095e-35 -0.34818967910558424 0.84134494906376878 1.0000000180025095e-35 0.6682678868867189 1.0000000180025095e-35 0.6682678868867189
decision_type=2 2 2 2 2 2 2 2 2 2 2
left_child=3 2 -2 4 5 -1 7 -5 -4 -8 -11
right_child=1 -3 8 6 -6 -7 9 -9 -10 10 -12
leaf_value=-0.00035127909049730412 0.0020649767030861128 -0.00057284807755459788 -0.00045295717251120197 0.0015834674465696555 3.5741074349392544e-06 -0.0019681590465972058 -0.00048502800203832093 5.7729756917979103e-05 0.00043425283084313077 0.00064449952774485886 -0.00040053314733086155
leaf_weight=55 37 49 33 37 165 39 42 64 30 31 32
leaf_count=55 37 49 33 37 165 39 42 64 30 31 32
internal_value=6.35876e-12 0.000311507 0.000744841 -9.98163e-05 -0.000368683 -0.00102211 0.000238225 0.000616663 -3.04762e-05 -0.000125798 0.000113689
internal_weight=614 149 100 465 259 94 206 101 63 105 63
internal_count=614 149 100 465 259 94 206 101 63 105 63
is_linear=0
shrinkage=0.2


Tree=53
num_leaves=12
num_cat=0
split_feature=1 3 3 3 1 1 0 0 11 1 1
split_gain=0.000341403 0.0113937 0.00117219 0.00104781 0.000780876 0.0022726 0.000780426 0.000645194 0.000193651 0.000227059 0.000130288
threshold=-0.29027783018081799 -1.383314525855508 1.0000000180025095e-35 1.0000000180025095e-35 1.0000000180025095e-35 0.84134494906376878 1.6928635863796766 -0.34818967910558424 1.0000000180025095e-35 1.690062033497209 -1.4219006094254045
decision_type=2 2 2 2 2 2 2 2 2 2 2
left_child=3 -2 4 7 -3 -6 10 -1 9 -4 -5
right_child=1 2 8 6 5 -7 -8 -9 -10 -11 -12
leaf_value=-3.5841127909306022e-05 0.0042439948990941048 -8.2480206729087526e-05 -0.00013089331285119824 0.00028880399224969253 -0.0024790429237202326 -8.491046477242241e-05 0.0010549318542083105 -0.0011102255113162416 0.00038944317237079402 0.00052310132235288624 -0.00018641362397465856
leaf_weight=36 25 45 141 30 29 35 30 59 59 25 100
leaf_count=36 25 45 141 30 29 35 30 59 59 25 100
internal_value=4.00681e-12 0.00012569 -0.000182566 -0.000176952 -0.000720878 -0.00116975 0.000135442 -0.00070309 7.82165e-05 -3.24001e-05 -7.6748e-05
internal_weight=614 359 334 255 109 64 160 95 225 166 130
internal_count=614 359 334 255 109 64 160 95 225 166 130
is_linear=0
shrinkage=0.2


Tree=54
num_leaves=9
num_cat=0
split_feature=0 3 1 3 3 1 11 0
split_gain=0.000334615 0.00195054 0.000491192 0.00142979 0.000891867 0.000426039 0.000363934 0.000222074
threshold=1.6928635863796766 -1.383314525855508 -0.85608921980311126 1.0000000180025095e-35 1.0000000180025095e-35 1.0000000180025095e-35 1.0000000180025095e-35 -0.34818967910558424
decision_type=2 2 2 2 2 2 2 2
left_child=1 -1 3 -3 5 -4 -6 -5
right_child=-2 2 4 7 6 -7 -8 -9
leaf_value=0.001447261097161351 -0.00050135459932047234 0.0015272778081547086 -0.00024349053186597305 -0.00051552370354971473 -7.7981496411974174e-05 -0.00093580140874109934 0.00042697123926467237 0.00023104311587909861
leaf_weight=37 49 29 80 34 213 64 78 30
leaf_count=37 49 29 80 34 213 64 78 30
internal_value=-9.05762e-12 4.34803e-05 -5.48907e-05 0.000362307 -0.000144085 -0.000551184 5.73667e-05 -0.000165571
internal_weight=614 565 528 93 435 144 291 64
internal_count=614 565 528 93 435 144 291 64
is_linear=0
shrinkage=0.2


Tree=55
num_leaves=12
num_cat=0
split_feature=0 3 13 0 3 1 3 1 3 13 10
split_gain=0.000405347 0.00184123 0.00102645 0.00142356 0.00307023 0.000509932 0.000646891 0.00145446 0.000494341 0.000893941 0.000145521
threshold=0.74353648615397361 -1.383314525855508 1.0000000180025095e-35 1.6928635863796766 1.0000000180025095e-35 1.0000000180025095e-35 1.0000000180025095e-35 0.84134494906376878 1.0000000180025095e-35 1.0000000180025095e-35 1.0000000180025095e-35
decision_type=2 2 2 2 2 2 2 2 2 2 2
left_child=1 -1 3 4 -2 8 7 -7 9 -3 -10
right_child=2 5 -4 -5 -6 6 -8 -9 10 -11 -12
leaf_value=-0.0015810790952415236 0.0026942843591125989 0.00021050003614570749 -0.00062622737038779902 -0.00046880715726209539 8.7882146908668807e-05 -0.0017960740309529777 3.1135759617047987e-05 0.00011923186747091159 -9.4048702204230409e-05 0.0017369570365796489 0.00034804742328840523
leaf_weight=31 29 57 37 35 48 29 127 35 126 21 39
leaf_count=31 29 57 37 35 48 29 127 35 126 21 39
internal_value=-4.72463e-12 -9.19869e-05 0.000287073 0.000588789 0.00106951 1.43768e-05 -0.000230151 -0.000748641 0.000206577 0.000621469 1.04467e-05
internal_weight=614 465 149 112 77 434 191 64 243 78 165
internal_count=614 465 149 112 77 434 191 64 243 78 165
is_linear=0
shrinkage=0.2


Tree=56
num_leaves=12
num_cat=0
split_feature=1 3 1 3 0 0 3 3 0 3 3
split_gain=0.000613115 0.00909898 0.000933971 0.00206861 0.000703553 0.00060099 0.000899575 0.000316378 0.000176683 0.000307895 0.000171698
threshold=1.0000000180025095e-35 -1.383314525855508 0.84134494906376878 1.0000000180025095e-35 1.6928635863796766 0.74353648615397361 1.0000000180025095e-35 1.0000000180025095e-35 -0.11085790404915845 1.0000000180025095e-35 0.6682678868867189
decision_type=2 2 2 2 2 2 2 2 2 2 2
left_child=1 -1 3 -2 5 7 -7 -3 9 -4 -5
right_child=2 4 8 10 -6 6 -8 -9 -10 -11 -12
leaf_value=-0.0038388081565499305 0.0019058832653319918 0.00049717539872150295 0.00066912471640693106 -0.00029023918358496193 0.00083298916516844697 -0.0013122901590841432 3.7271132145727435e-06 8.3574064950825588e-06 -0.00040850325953215358 -0.00029021816226304509 0.00036524940552490375
leaf_weight=25 37 78 23 33 46 31 63 165 50 32 31
leaf_count=25 37 78 23 33 46 31 63 165 50 32 31
internal_value=1.25333e-11 -0.00014201 0.000281263 0.00071547 9.9295e-05 -8.53216e-07 -0.000430279 0.000165262 -0.000136403 0.000110962 2.72631e-05
internal_weight=614 408 206 101 383 337 94 243 105 55 64
internal_count=614 408 206 101 383 337 94 243 105 55 64
is_linear=0
shrinkage=0.2


Tree=57
num_leaves=12
num_cat=0
split_feature=1 3 1 3 0 0 3 3 3 3 3
split_gain=0.000392393 0.00582335 0.000597741 0.00132391 0.000450274 0.000384633 0.000588082 0.000202482 0.000159591 0.000278562 0.000109887
threshold=1.0000000180025095e-35 -1.383314525855508 0.84134494906376878 1.0000000180025095e-35 1.6928635863796766 0.74353648615397361 0.6682678868867189 1.0000000180025095e-35 1.0000000180025095e-35 0.6682678868867189 0.6682678868867189
decision_type=2 2 2 2 2 2 2 2 2 2 2
left_child=1 -1 3 -2 5 7 -7 -3 -4 -10 -5
right_child=2 4 8 10 -6 6 -8 -9 9 -11 -12
leaf_value=-0.0030710465684533122 0.0015247066064762909 0.00039774030258665034 -0.000411106905777983 -0.00023219138295671934 0.00066639132977718918 -0.00068671903482027126 0.00038643559052919349 6.6859284274731625e-06 0.0005194834568687986 -0.00032172869396163151 0.00029219954439829433
leaf_weight=25 37 78 42 33 46 64 30 165 31 32 31
leaf_count=25 37 78 42 33 46 64 30 165 31 32 31
internal_value=2.98041e-12 -0.000113608 0.000225011 0.000572376 7.9436e-05 -6.82578e-07 -0.000344223 0.00013221 -0.000109122 9.22011e-05 2.18105e-05
internal_weight=614 408 206 101 383 337 94 243 105 63 64
internal_count=614 408 206 101 383 337 94 243 105 63 64
is_linear=0
shrinkage=0.2


Tree=58
num_leaves=12
num_cat=0
split_feature=0 0 3 1 3 0 1 3 0 10 0
split_gain=0.000498254 0.00120795 0.00196124 0.000735258 0.00124993 0.000800223 0.000390108 0.00103963 0.000130526 0.000334297 0.000128607
threshold=0.74353648615397361 1.6928635863796766 1.0000000180025095e-35 1.0000000180025095e-35 1.0000000180025095e-35 -0.34818967910558424 1.690062033497209 1.0000000180025095e-35 -0.58552145416201007 1.0000000180025095e-35 -1.2500504243200012
decision_type=2 2 2 2 2 2 2 2 2 2 2
left_child=3 2 -2 4 5 -1 7 10 -6 -10 -5
right_child=1 -3 -4 6 8 -7 -8 -9 9 -11 -12
leaf_value=-0.00041699188232252545 0.0018726495945687732 -0.00049523268232350137 3.8120291373204618e-05 0.00061752111233426667 0.00021780455820536349 -0.001601357744015658 -0.00030613684840500357 -7.2351099273267516e-05 -0.00035058382168613581 0.00052239285685810389 0.00121976526051357
leaf_weight=55 37 49 63 23 68 39 50 96 74 23 37
leaf_count=55 37 49 63 23 68 39 50 96 74 23 37
internal_value=2.46008e-12 0.000318277 0.000716896 -0.000101985 -0.000326274 -0.000908378 0.000180009 0.000335824 5.34874e-06 -0.000143589 0.000988905
internal_weight=614 149 100 465 259 94 206 156 165 97 60
internal_count=614 149 100 465 259 94 206 156 165 97 60
is_linear=0
shrinkage=0.2


Tree=59
num_leaves=10
num_cat=0
split_feature=3 3 1 1 1 0 0 1 11
split_gain=0.000434731 0.000578225 0.00178285 0.000542063 0.00235573 0.000456703 0.000302782 0.000163135 0.000163424
threshold=-1.383314525855508 1.0000000180025095e-35 -0.85608921980311126 0.84134494906376878 1.0000000180025095e-35 1.6928635863796766 -0.11085790404915845 1.690062033497209 1.0000000180025095e-35
decision_type=2 2 2 2 2 2 2 2 2
left_child=6 2 -2 4 -4 7 -1 8 -3
right_child=1 5 3 -5 -6 -7 -8 -9 -10
leaf_value=8.7246545590460313e-05 0.0011119124924177947 -9.5777211230350825e-05 -0.00031002990344859428 0.00010325243962662561 -0.0023669302110271209 0.00084554404660593715 0.0011877591721713545 0.00047120595268244231 0.00022356992280534046
leaf_weight=20 29 236 96 35 29 30 20 31 88
leaf_count=20 29 236 96 35 29 30 20 31 88
internal_value=4.00533e-12 -4.44253e-05 -0.000330924 -0.000592438 -0.000787231 9.62193e-05 0.000637503 3.28961e-05 -9.04095e-06
internal_weight=614 574 189 160 125 385 40 355 324
internal_count=614 574 189 160 125 385 40 355 324
is_linear=0
shrinkage=0.2


Tree=60
num_leaves=8
num_cat=0
split_feature=0 3 3 1 1 1 11
split_gain=0.000324896 0.00334523 0.000341589 0.00126672 0.00047628 0.000104406 0.000104591
threshold=1.6928635863796766 -1.383314525855508 1.0000000180025095e-35 -0.85608921980311126 0.84134494906376878 1.690062033497209 1.0000000180025095e-35
decision_type=2 2 2 2 2 2 2
left_child=1 -1 3 -3 -5 6 -4
right_child=-2 2 5 4 -6 -7 -8
leaf_value=0.0018812218706148701 -0.00049401932094265163 0.00088952999077295761 -7.6621775273667743e-05 -0.00076539629847110352 8.2601966070277355e-05 0.00037696477675419902 0.00017885594014925037
leaf_weight=37 49 29 236 109 35 31 88
leaf_count=37 49 29 236 109 35 31 88
internal_value=-5.95112e-12 4.28441e-05 -8.59816e-05 -0.000316421 -0.000559286 2.63169e-05 -7.23277e-06
internal_weight=614 565 528 173 144 355 324
internal_count=614 565 528 173 144 355 324
is_linear=0
shrinkage=0.2


Tree=61
num_leaves=12
num_cat=0
split_feature=0 3 0 3 1 3 1 3 13 3 0
split_gain=0.000377963 0.000952824 0.000825289 0.00138746 0.000408672 0.000653903 0.00129397 0.000298267 0.000537325 0.000110047 8.27832e-05
threshold=0.74353648615397361 -1.383314525855508 1.6928635863796766 1.0000000180025095e-35 1.0000000180025095e-35 1.0000000180025095e-35 0.84134494906376878 1.0000000180025095e-35 1.0000000180025095e-35 0.6682678868867189 -0.58552145416201007
decision_type=2 2 2 2 2 2 2 2 2 2 2
left_child=1 -1 3 -2 7 6 -6 8 -3 -5 -9
right_child=2 4 -4 9 5 -7 -8 10 -10 -11 -12
leaf_value=-0.001160033792257309 0.0015787916632394332 0.00016340464563542985 -0.00039521547418078223 -0.00021625108801703337 -0.00174046501131921 3.148163042477411e-05 6.6081543918699028e-05 0.00017660086133914507 0.0013468514454351474 0.00031301124681097766 -0.00011120702694506222
leaf_weight=31 37 57 49 33 29 127 35 68 21 30 97
leaf_count=31 37 57 49 33 29 127 35 68 21 30 97
internal_value=-7.93097e-12 -8.88254e-05 0.000277207 0.000606693 -1.23105e-05 -0.000231217 -0.00075251 0.000159752 0.000482025 3.57786e-05 7.40471e-06
internal_weight=614 465 149 100 434 191 64 243 78 63 165
internal_count=614 465 149 100 434 191 64 243 78 63 165
is_linear=0
shrinkage=0.2


Tree=62
num_leaves=12
num_cat=0
split_feature=1 3 1 3 0 0 3 3 13 3 0
split_gain=0.000392284 0.00471454 0.000830828 0.00159835 0.000571358 0.000543347 0.00104192 0.000190891 0.000158102 0.000133537 0.000696754
threshold=1.0000000180025095e-35 -1.383314525855508 0.84134494906376878 1.0000000180025095e-35 1.6928635863796766 0.74353648615397361 1.0000000180025095e-35 1.0000000180025095e-35 1.0000000180025095e-35 0.6682678868867189 -0.11085790404915845
decision_type=2 2 2 2 2 2 2 2 2 2 2
left_child=1 -1 3 -2 5 7 -7 -3 9 10 -4
right_child=2 4 8 -5 -6 6 -8 -9 -10 -11 -12
leaf_value=-0.0027746182680130006 0.0016809010532105697 0.00038561999550811612 0.00048420762891070016 2.9564521594238616e-05 0.00072128548598139673 -0.0013876913145424859 2.8622870348275656e-05 5.9237662759242642e-06 0.00024817871756871077 -0.00073084900451993401 -0.00093489240482449532
leaf_weight=25 37 78 31 64 46 31 63 165 27 22 25
leaf_count=25 37 78 31 64 46 31 63 165 27 22 25
internal_value=1.43688e-11 -0.000113592 0.000224979 0.00063451 6.01037e-05 -3.01466e-05 -0.000438459 0.000127802 -0.00016895 -0.00031334 -0.000149319
internal_weight=614 408 206 101 383 337 94 243 105 78 56
internal_count=614 408 206 101 383 337 94 243 105 78 56
is_linear=0
shrinkage=0.2


Tree=63
num_leaves=9
num_cat=0
split_feature=3 0 3 1 1 0 1 11
split_gain=0.000375985 0.000478008 0.000374973 0.000651689 0.000382117 0.000175223 0.000115605 7.12485e-05
threshold=-1.383314525855508 1.6928635863796766 1.0000000180025095e-35 -0.85608921980311126 0.84134494906376878 -0.11085790404915845 1.690062033497209 1.0000000180025095e-35
decision_type=2 2 2 2 2 2 2 2
left_child=5 2 3 -2 -5 -1 7 -4
right_child=1 -3 6 4 -6 -7 -8 -9
leaf_value=0.00017426978331059218 0.00052836374058548748 0.00057702840577289667 -7.0100894540161586e-05 -0.00069543688329483529 6.4123332101319517e-05 0.0010114637669175863 0.00039144631422635527 0.00014075859891652892
leaf_weight=20 29 46 236 109 35 20 31 88
leaf_count=20 29 46 236 109 35 20 31 88
internal_value=6.23078e-12 -4.13148e-05 -9.51856e-05 -0.000336623 -0.000510822 0.000592867 2.24726e-05 -1.28304e-05
internal_weight=614 574 528 173 144 40 355 324
internal_count=614 574 528 173 144 40 355 324
is_linear=0
shrinkage=0.2


Tree=64
num_leaves=12
num_cat=0
split_feature=1 3 3 3 1 1 0 0 0 13 1
split_gain=0.000417618 0.00643392 0.0007807 0.000375988 0.000336515 0.00106738 0.000273455 0.000250251 8.44721e-05 0.000188448 7.62875e-05
threshold=-0.29027783018081799 -1.383314525855508 1.0000000180025095e-35 1.0000000180025095e-35 1.0000000180025095e-35 0.84134494906376878 -0.34818967910558424 1.6928635863796766 -1.2500504243200012 1.0000000180025095e-35 -1.4219006094254045
decision_type=2 2 2 2 2 2 2 2 2 2 2
left_child=2 -2 6 4 -3 -6 -1 10 -5 -10 -4
right_child=1 3 7 8 5 -7 -8 -9 9 -11 -12
leaf_value=-0.0002154646341902359 0.0032337517142295839 2.1582438817454712e-05 0.00023350650910288094 -0.00024588634332758377 -0.0015894648394194145 5.1298651711216998e-05 -0.00091491615581247273 0.00059461938062061869 0.00022182533027414894 -0.00022925218578893691 -0.00013013022160157561
leaf_weight=36 25 45 30 32 29 35 59 30 143 50 100
leaf_count=36 25 45 30 32 29 35 59 30 143 50 100
internal_value=-7.64998e-13 0.000139014 -0.00019571 -9.2628e-05 -0.000397503 -0.000692172 -0.000649861 7.39422e-05 5.50669e-05 0.000104966 -4.62141e-05
internal_weight=614 359 255 334 109 64 95 160 225 193 130
internal_count=614 359 255 334 109 64 95 160 225 193 130
is_linear=0
shrinkage=0.2


Tree=65
num_leaves=8
num_cat=0
split_feature=0 3 0 0 0 3 3
split_gain=0.000388485 0.00182057 0.000205897 0.000460693 0.000231685 0.00041699 0.000126125
threshold=1.6928635863796766 -1.383314525855508 -1.0601850042748606 -1.2500504243200012 0.74353648615397361 1.0000000180025095e-35 0.6682678868867189
decision_type=2 2 2 2 2 2 2
left_child=1 -1 3 -3 6 -6 -4
right_child=-2 2 4 -5 5 -7 -8
leaf_value=0.0014030543609044037 -0.00054020562211564772 0.00010648076376859464 0.00018041808235567361 -0.00076150932712133659 -0.00086662746222329232 2.9367909952443804e-05 -7.5312939976962911e-05
leaf_weight=37 49 51 216 47 31 63 120
leaf_count=37 49 51 216 47 31 63 120
internal_value=-5.80299e-12 4.68497e-05 -4.81874e-05 -0.0003098 1.1436e-05 -0.00026612 8.90856e-05
internal_weight=614 565 528 98 430 94 336
internal_count=614 565 528 98 430 94 336
is_linear=0
shrinkage=0.2


Tree=66
num_leaves=11
num_cat=0
split_feature=0 3 0 3 0 0 3 0 1 3
split_gain=0.000502044 0.00167947 0.00103122 0.00187847 0.000193149 0.000294844 8.07203e-05 0.000286245 0.000192588 7.51615e-05
threshold=0.74353648615397361 -1.383314525855508 1.6928635863796766 1.0000000180025095e-35 -1.0601850042748606 -1.2500504243200012 0.6682678868867189 -0.34818967910558424 1.690062033497209 0.6682678868867189
decision_type=2 2 2 2 2 2 2 2 2 2
left_child=1 -1 3 -2 5 -3 8 -8 -6 -5
right_child=2 4 -4 9 6 -7 7 -9 -10 -11
leaf_value=-0.0015245508019542022 0.0018188951125331508 8.5184712638603703e-05 -0.00043216449620168918 -0.0001847921128721668 0.00022164036465944045 -0.00060920747977859799 -0.00041348335686891986 0.00020986901260638502 -0.00031700716429059546 0.0002526094283287724
leaf_weight=31 37 51 49 33 185 47 52 68 31 30
leaf_count=31 37 51 49 33 185 47 52 68 31 30
internal_value=-6.86713e-13 -0.000102372 0.000319485 0.000687793 -7.88312e-07 -0.00024784 7.12685e-05 -6.02503e-05 0.000144334 2.34943e-05
internal_weight=614 465 149 100 434 98 336 120 216 63
internal_count=614 465 149 100 434 98 336 120 216 63
is_linear=0
shrinkage=0.2


Tree=67
num_leaves=10
num_cat=0
split_feature=0 3 0 3 0 0 3 3 3
split_gain=0.00042545 0.00236964 0.000525996 0.000604534 0.000467862 0.000283654 0.000601228 5.56041e-05 5.1661e-05
threshold=-1.0601850042748606 -1.383314525855508 -1.2500504243200012 1.0000000180025095e-35 1.6928635863796766 0.74353648615397361 1.0000000180025095e-35 1.0000000180025095e-35 0.6682678868867189
decision_type=2 2 2 2 2 2 2 2 2
left_child=2 -2 7 -4 5 8 -7 -1 -3
right_child=1 4 3 -5 -6 6 -8 -9 -10
leaf_value=0.00017264375220174376 -0.0017420218093320728 0.00011546757078677831 0.0016501342184797284 0.00025101306925838192 0.00064218403143889236 -0.0010570810386730781 1.8795438910952757e-05 -0.00023504222626797856 -4.8200287856161602e-05
leaf_weight=23 32 216 21 30 46 31 63 32 120
leaf_count=23 32 216 21 30 46 31 63 32 120
internal_value=-9.00133e-12 -7.60486e-05 0.000364459 0.000827122 3.59496e-05 -2.89033e-05 -0.000336015 -6.45554e-05 5.70148e-05
internal_weight=614 508 106 51 476 430 94 55 336
internal_count=614 508 106 51 476 430 94 55 336
is_linear=0
shrinkage=0.2


Tree=68
num_leaves=11
num_cat=0
split_feature=0 0 3 3 0 0 3 12 0 0
split_gain=0.000383905 0.000957681 0.00163246 0.000700777 0.000179756 0.000320134 4.81033e-05 4.31964e-05 0.000609796 0.000179229
threshold=0.74353648615397361 1.6928635863796766 1.0000000180025095e-35 -1.383314525855508 -1.0601850042748606 -1.2500504243200012 0.6682678868867189 1.0000000180025095e-35 1.0000000180025095e-35 1.0000000180025095e-35
decision_type=2 2 2 2 2 2 2 2 2 2
left_child=3 2 -2 -1 5 -5 -4 9 -9 -6
right_child=1 -3 6 4 7 -7 -8 8 -10 -11
leaf_value=-0.0010081863841943203 0.0016887466757612561 -0.00044497407394299783 -0.00015159278815245311 8.4779552622314767e-05 0.0001108850179540847 -0.00063878160460475596 0.00019832845932493608 -0.00016107019189684119 0.0010473923696933882 -0.00026247886627162292
leaf_weight=31 37 49 33 51 180 47 30 61 23 72
leaf_count=31 37 49 33 51 180 47 30 61 23 72
internal_value=1.08369e-12 0.000279377 0.000634309 -8.95208e-05 -2.39019e-05 -0.000262234 1.50364e-05 4.56118e-05 0.000169818 4.20962e-06
internal_weight=614 149 100 465 434 98 63 336 84 252
internal_count=614 149 100 465 434 98 63 336 84 252
is_linear=0
shrinkage=0.2


Tree=69
num_leaves=10
num_cat=0
split_feature=0 3 0 0 3 0 3 3 1
split_gain=0.000404275 0.00129073 0.000475673 0.000449495 0.000396692 0.000321921 0.000742288 4.43661e-05 3.65727e-05
threshold=-1.0601850042748606 -1.383314525855508 -1.2500504243200012 1.6928635863796766 1.0000000180025095e-35 0.74353648615397361 1.0000000180025095e-35 1.0000000180025095e-35 1.0000000180025095e-35
decision_type=2 2 2 2 2 2 2 2 2
left_child=2 -2 7 5 -4 8 -7 -1 -3
right_child=1 3 4 -5 -6 6 -8 -9 -10
leaf_value=0.00015917532955822739 -0.0013036753138294444 7.730983010849651e-05 0.00146193616535692 0.00060274205970927146 0.00032856675097718839 -0.0011834141506340294 1.2029081699438394e-05 -0.00020498974918155001 -7.0170216733008955e-05
leaf_weight=23 32 243 21 46 30 31 63 32 93
leaf_count=23 32 243 21 46 30 31 63 32 93
internal_value=-1.0594e-12 -7.41319e-05 0.000355274 8.52644e-06 0.000795248 -5.50408e-05 -0.000382213 -5.27025e-05 3.64895e-05
internal_weight=614 508 106 476 51 430 94 55 336
internal_count=614 508 106 476 51 430 94 55 336
is_linear=0
shrinkage=0.2


Tree=70
num_leaves=9
num_cat=0
split_feature=3 0 3 1 13 0 1 0
split_gain=0.000370694 0.000342246 0.000265946 0.000426869 0.00033408 9.23815e-05 6.95497e-05 5.67036e-05
threshold=-1.383314525855508 1.6928635863796766 1.0000000180025095e-35 -0.85608921980311126 1.0000000180025095e-35 -0.11085790404915845 1.690062033497209 -0.58552145416201007
decision_type=2 2 2 2 2 2 2 2
left_child=5 2 3 -2 -5 -1 7 -4
right_child=1 -3 6 4 -6 -7 -8 -9
leaf_value=0.00028473741374909881 0.00041012569362747258 0.00048219362930941991 8.7308479030000926e-05 -0.00026155841236521322 -0.00097885834710562938 0.00089262388646602639 0.00029867159375440212 -8.3392238698674112e-05
leaf_weight=20 29 46 130 110 34 20 31 194
leaf_count=20 29 46 130 110 34 20 31 194
internal_value=-6.06073e-12 -4.1023e-05 -8.66063e-05 -0.000289936 -0.000430921 0.000588681 1.24812e-05 -1.49012e-05
internal_weight=614 574 528 173 144 40 355 324
internal_count=614 574 528 173 144 40 355 324
is_linear=0
shrinkage=0.2


Tree=71
num_leaves=8
num_cat=0
split_feature=0 3 3 0 1 1 11
split_gain=0.000409535 0.00277756 0.000170206 0.00037484 0.000684854 4.45118e-05 4.48438e-05
threshold=1.6928635863796766 -1.383314525855508 1.0000000180025095e-35 0.74353648615397361 1.0000000180025095e-35 1.690062033497209 1.0000000180025095e-35
decision_type=2 2 2 2 2 2 2
left_child=1 -1 3 4 -3 6 -4
right_child=-2 2 5 -5 -6 -7 -8
leaf_value=0.0017232506145798679 -0.0005546481496394892 0.00030346029062713621 -5.7356356434973941e-05 -0.00086202546991708299 -0.00057928565884139975 0.0002389372792094946 0.00010992846708342602
leaf_weight=37 49 78 236 31 64 31 88
leaf_count=37 49 78 236 31 64 31 88
internal_value=8.11554e-12 4.81022e-05 -6.92851e-05 -0.000231949 -9.4397e-05 9.98496e-06 -1.1921e-05
internal_weight=614 565 528 173 142 355 324
internal_count=614 565 528 173 142 355 324
is_linear=0
shrinkage=0.2


Tree=72
num_leaves=10
num_cat=0
split_feature=1 3 13 3 0 3 1 3 11
split_gain=0.000448384 0.00142078 0.000671081 0.00118567 0.000330835 0.0002361 0.000241596 0.000172137 9.59535e-05
threshold=-0.85608921980311126 -1.383314525855508 1.0000000180025095e-35 1.0000000180025095e-35 1.6928635863796766 1.0000000180025095e-35 0.84134494906376878 0.6682678868867189 1.0000000180025095e-35
decision_type=2 2 2 2 2 2 2 2 2
left_child=2 -2 3 -1 5 6 -3 -5 -7
right_child=1 4 -4 7 -6 8 -8 -9 -10
leaf_value=-0.0018174371793866159 0.0013243957258322659 -0.00042357792842993305 0.00048270537159763856 -0.00051374210287695346 0.00049668454230611489 -3.317084318067072e-05 0.00018038321419485979 0.00024440548941493035 0.00022610963702064535
leaf_weight=25 34 109 26 23 46 213 35 25 78
leaf_count=25 34 109 26 23 46 213 35 25 78
internal_value=4.98134e-12 7.4935e-05 -0.000389813 -0.000700573 -1.33845e-05 -6.73228e-05 -0.000276782 -0.000118874 3.6327e-05
internal_weight=614 515 99 73 481 435 144 48 291
internal_count=614 515 99 73 481 435 144 48 291
is_linear=0
shrinkage=0.2


Tree=73
num_leaves=8
num_cat=0
split_feature=0 3 0 0 0 3 3
split_gain=0.000407386 0.00132092 8.91782e-05 0.000291225 0.000109154 0.000204617 9.97465e-05
threshold=1.6928635863796766 -1.383314525855508 -1.0601850042748606 -1.2500504243200012 0.74353648615397361 1.0000000180025095e-35 0.6682678868867189
decision_type=2 2 2 2 2 2 2
left_child=1 -1 3 -3 6 -6 -4
right_child=-2 2 4 -5 5 -7 -8
leaf_value=0.0012031852865490961 -0.0005531906864364699 0.00012582619309279265 0.00014078279429028314 -0.0005642918310068706 -0.00060490479302262106 2.274035632292489e-05 -8.6638462623038015e-05
leaf_weight=37 49 51 216 47 31 63 120
leaf_count=37 49 51 216 47 31 63 120
internal_value=-1.03031e-11 4.79758e-05 -3.29764e-05 -0.000205149 6.26293e-06 -0.000184249 5.95609e-05
internal_weight=614 565 528 98 430 94 336
internal_count=614 565 528 98 430 94 336
is_linear=0
shrinkage=0.2


Tree=74
num_leaves=12
num_cat=0
split_feature=0 3 0 3 1 3 1 3 13 10 0
split_gain=0.000479547 0.00162368 0.00103988 0.00187624 8.8798e-05 0.000265827 0.000589154 0.000209135 0.000266201 8.95508e-05 8.41211e-05
threshold=0.74353648615397361 -1.383314525855508 1.6928635863796766 1.0000000180025095e-35 1.0000000180025095e-35 1.0000000180025095e-35 0.84134494906376878 1.0000000180025095e-35 1.0000000180025095e-35 1.0000000180025095e-35 -1.2500504243200012
decision_type=2 2 2 2 2 2 2 2 2 2 2
left_child=1 -1 3 -2 7 6 -6 8 -3 -9 -7
right_child=2 4 -4 -5 5 10 -8 9 -10 -11 -12
leaf_value=-0.0014984101778076542 0.0018125233746989556 0.0001256288432622361 -0.00044255255447101915 1.8192279440838668e-05 -0.0011012197456097808 -0.00021517352579394358 0.00011777387599327735 -0.00012950699800433265 0.00095860987147759833 0.00021730093210816195 0.00015975419321636621
leaf_weight=31 37 57 49 63 29 32 35 126 21 39 95
leaf_count=31 37 57 49 63 29 32 35 126 21 39 95
internal_value=3.78729e-12 -0.000100052 0.000312244 0.000682095 -1.69782e-07 -0.00010221 -0.000434583 8.0035e-05 0.000349893 -4.75342e-05 6.52842e-05
internal_weight=614 465 149 100 434 191 64 243 78 165 127
internal_count=614 465 149 100 434 191 64 243 78 165 127
is_linear=0
shrinkage=0.2


Tree=75
num_leaves=10
num_cat=0
split_feature=0 3 0 3 0 0 3 3 3
split_gain=0.000449133 0.0022216 0.000519386 0.000473222 0.000408094 0.000171967 0.000385037 5.45253e-05 2.76832e-05
threshold=-1.0601850042748606 -1.383314525855508 -1.2500504243200012 1.0000000180025095e-35 1.6928635863796766 0.74353648615397361 1.0000000180025095e-35 0.6682678868867189 1.0000000180025095e-35
decision_type=2 2 2 2 2 2 2 2 2
left_child=2 -2 8 -4 5 7 -7 -3 -1
right_child=1 4 3 -5 -6 6 -8 -9 -10
leaf_value=0.00011552214956558917 -0.0016912295803194867 9.6686866958474712e-05 0.0015623750547612352 0.00032449830944339441 0.00059649628117609691 -0.00084642849518962572 1.4553851418433682e-05 -7.1456978912465277e-05 -0.00017213881073985249
leaf_weight=23 32 216 21 30 46 31 63 120 32
leaf_count=23 32 216 21 30 46 31 63 120 32
internal_value=1.68982e-11 -7.81366e-05 0.000374466 0.000834212 3.03066e-05 -3.02625e-05 -0.000269387 3.66355e-05 -5.18442e-05
internal_weight=614 508 106 51 476 430 94 336 55
internal_count=614 508 106 51 476 430 94 336 55
is_linear=0
shrinkage=0.2


Tree=76
num_leaves=12
num_cat=0
split_feature=0 0 3 1 1 3 3 0 3 3 3
split_gain=0.000351656 0.000927156 0.00155794 0.000746132 0.000964488 0.00134478 0.000840793 0.000598343 0.000207348 0.000132565 9.70959e-05
threshold=0.74353648615397361 1.6928635863796766 1.0000000180025095e-35 1.0000000180025095e-35 0.84134494906376878 1.0000000180025095e-35 1.0000000180025095e-35 -0.34818967910558424 1.0000000180025095e-35 0.6682678868867189 0.6682678868867189
decision_type=2 2 2 2 2 2 2 2 2 2 2
left_child=3 2 -2 6 5 -5 7 -1 -6 -10 -7
right_child=1 -3 -4 4 8 10 -8 -9 9 -11 -12
leaf_value=-0.00036413664305159319 0.0016467034395522993 -0.00044532831020567716 1.1643054867385044e-05 0.0015994427171913354 -0.00057025761121795289 -0.00015401209450580859 -3.963321338012589e-05 -0.0013882669676931051 0.00029819502960890535 -0.00028211284807184712 0.0003389149213269834
leaf_weight=55 37 49 63 37 42 33 165 39 31 32 31
leaf_count=55 37 49 63 37 42 33 165 39 31 32 31
internal_value=6.98919e-12 0.000267386 0.000616615 -8.56784e-05 0.000198393 0.000639637 -0.000311619 -0.000789042 -0.000226042 3.43547e-06 8.47494e-05
internal_weight=614 149 100 465 206 101 259 94 105 63 64
internal_count=614 149 100 465 206 101 259 94 105 63 64
is_linear=0
shrinkage=0.2


Tree=77
num_leaves=12
num_cat=0
split_feature=0 3 0 3 1 3 1 3 0 0 3
split_gain=0.00022506 0.000656073 0.00059338 0.00099708 0.0001879 0.000338527 0.000988443 0.000263989 0.000349301 6.37963e-05 3.27498e-05
threshold=0.74353648615397361 -1.383314525855508 1.6928635863796766 1.0000000180025095e-35 1.0000000180025095e-35 1.0000000180025095e-35 0.84134494906376878 1.0000000180025095e-35 -0.58552145416201007 -0.58552145416201007 0.6682678868867189
decision_type=2 2 2 2 2 2 2 2 2 2 2
left_child=1 -1 3 -2 7 6 -6 8 -3 -9 -5
right_child=2 4 -4 10 5 -7 -8 9 -10 -11 -12
leaf_value=-0.00095742370918272968 0.0013173626842782709 -7.9423858904082218e-05 -0.00035626265269048438 -0.00012817450403941402 -0.0013920410504115041 3.5530027904085754e-05 0.0001868882861786655 0.00011682446124990855 0.00077724741726544584 -0.00013583141016610659 0.00016055230419927588
leaf_weight=31 37 33 49 33 29 127 35 68 45 97 30
leaf_count=31 37 33 49 33 29 127 35 68 45 97 30
internal_value=1.55473e-12 -6.85427e-05 0.000213908 0.000493292 -5.05121e-06 -0.000153486 -0.000528564 0.00011162 0.00041481 -3.17066e-05 9.31445e-06
internal_weight=614 465 149 100 434 191 64 243 78 165 63
internal_count=614 465 149 100 434 191 64 243 78 165 63
is_linear=0
shrinkage=0.2


Tree=78
num_leaves=12
num_cat=0
split_feature=1 3 1 3 0 0 3 3 13 12 3
split_gain=0.00031349 0.00277266 0.000797347 0.00128123 0.00047974 0.000428926 0.000847566 0.000168953 0.000133098 7.88924e-05 6.21414e-05
threshold=1.0000000180025095e-35 -1.383314525855508 0.84134494906376878 1.0000000180025095e-35 1.6928635863796766 0.74353648615397361 1.0000000180025095e-35 1.0000000180025095e-35 1.0000000180025095e-35 1.0000000180025095e-35 0.6682678868867189
decision_type=2 2 2 2 2 2 2 2 2 2 2
left_child=1 -1 3 -2 5 7 -7 -3 9 -4 -5
right_child=2 4 8 10 -6 6 -8 -9 -10 -11 -12
leaf_value=-0.0021422382406890393 0.0015391681528952276 0.0003318476222072301 -0.00047201185050059339 -0.00013031575857012562 0.00063751522886931256 -0.0012699560378678144 7.4515534963990972e-06 -2.5365282287538958e-05 0.0001979342196136713 -5.5815813388546994e-05 0.00026402589113962269
leaf_weight=25 37 78 49 33 46 31 63 165 27 29 31
leaf_count=25 37 78 49 33 46 31 63 165 27 29 31
internal_value=-2.10452e-11 -0.000101546 0.000201119 0.000602313 3.16589e-05 -5.10396e-05 -0.000413821 8.92957e-05 -0.000184791 -0.000317272 6.06935e-05
internal_weight=614 408 206 101 383 337 94 243 105 78 64
internal_count=614 408 206 101 383 337 94 243 105 78 64
is_linear=0
shrinkage=0.2


Tree=79
num_leaves=10
num_cat=0
split_feature=3 0 3 0 1 0 13 13 0
split_gain=0.000265716 0.000370989 0.000207553 0.000536998 0.000569029 2.78918e-05 0.000306084 0.000229601 6.6028e-06
threshold=-1.383314525855508 1.6928635863796766 1.0000000180025095e-35 0.74353648615397361 1.0000000180025095e-35 -0.82285322921843529 1.0000000180025095e-35 1.0000000180025095e-35 -0.11085790404915845
decision_type=2 2 2 2 2 2 2 2 2
left_child=8 2 3 4 -2 6 -4 -7 -1
right_child=1 -3 5 -5 -6 7 -8 -9 -10
leaf_value=0.000417145797982812 0.00026547811762728279 0.00051001217513618508 -0.00010481408405919662 -0.0010159647715608439 -0.00053916624565317759 8.1081507540279137e-05 0.00073325857267026676 -0.00035076652844013141 0.00057966105639934546
leaf_weight=20 78 46 72 31 64 194 23 66 20
leaf_count=20 78 46 72 31 64 194 23 66 20
internal_value=-4.26129e-12 -3.4732e-05 -8.21907e-05 -0.000261816 -9.71785e-05 5.34522e-06 9.80877e-05 -2.85415e-05 0.000498403
internal_weight=614 574 528 173 142 355 95 260 40
internal_count=614 574 528 173 142 355 95 260 40
is_linear=0
shrinkage=0.2


Tree=80
num_leaves=8
num_cat=0
split_feature=0 3 3 0 0 1 0
split_gain=0.00030842 0.0023292 0.000132834 0.000343679 0.000416699 2.65055e-05 3.21079e-05
threshold=1.6928635863796766 -1.383314525855508 1.0000000180025095e-35 0.74353648615397361 -0.82285322921843529 1.690062033497209 -0.58552145416201007
decision_type=2 2 2 2 2 2 2
left_child=1 -1 3 4 -3 6 -4
right_child=-2 2 5 -5 -6 -7 -8
leaf_value=0.001575744795185086 -0.0004813306460201435 -0.00052847281571163105 6.4283873160512976e-05 -0.00081277183005201345 0.0001826789926013185 0.00018095151341009525 -6.4166753910501135e-05
leaf_weight=37 49 52 130 31 90 31 194
leaf_count=37 49 52 130 31 90 31 194
internal_value=3.45327e-12 4.17437e-05 -6.57526e-05 -0.000209453 -7.77428e-05 4.2762e-06 -1.26279e-05
internal_weight=614 565 528 173 142 355 324
internal_count=614 565 528 173 142 355 324
is_linear=0
shrinkage=0.2


Tree=81
num_leaves=9
num_cat=0
split_feature=0 0 3 3 0 0 0 3
split_gain=0.000368434 0.000792081 0.00139926 0.000725973 0.000108673 0.000449293 4.93529e-05 2.08176e-05
threshold=0.74353648615397361 1.6928635863796766 1.0000000180025095e-35 -1.383314525855508 -1.2500504243200012 -1.0601850042748606 0.41127200107497791 0.6682678868867189
decision_type=2 2 2 2 2 2 2 2
left_child=3 2 -2 -1 -5 -6 -7 -4
right_child=1 -3 7 4 5 6 -8 -9
leaf_value=-0.0010227330663662045 0.0015727034329068596 -0.00038506453191595422 -8.6474811982815023e-05 0.00025334782469287222 -0.00063661417869375432 -8.0855440580406164e-06 0.00020909298102048284 0.00014372148240605992
leaf_weight=31 37 49 33 51 47 287 49 30
leaf_count=31 37 49 33 51 47 287 49 30
internal_value=-1.11415e-11 0.00027369 0.00059648 -8.76986e-05 -2.09104e-05 -5.74304e-05 2.35863e-05 2.31425e-05
internal_weight=614 149 100 465 434 383 336 63
internal_count=614 149 100 465 434 383 336 63
is_linear=0
shrinkage=0.2


Tree=82
num_leaves=10
num_cat=0
split_feature=0 3 0 3 0 3 0 0 12
split_gain=0.000353298 0.00116159 0.000416768 0.000283859 0.00019351 0.000502183 0.000162607 0.000103172 4.25368e-05
threshold=-1.0601850042748606 -1.383314525855508 1.6928635863796766 1.0000000180025095e-35 0.74353648615397361 1.0000000180025095e-35 -1.2500504243200012 -1.2500504243200012 1.0000000180025095e-35
decision_type=2 2 2 2 2 2 2 2 2
left_child=3 -2 4 6 8 -6 -1 -5 -3
right_child=1 2 -4 7 5 -7 -8 -9 -10
leaf_value=0.00035324391843143691 -0.0012357167317532003 -2.2215833670334036e-05 0.00058128875810760535 -0.00019339845457579943 -0.00096475819591432819 1.8513986715189522e-05 0.0011229975248820015 0.00032286528808375204 0.00014212373990587715
leaf_weight=23 32 252 46 32 31 63 21 30 84
leaf_count=23 32 252 46 32 31 63 21 30 84
internal_value=-8.37742e-12 -6.93007e-05 9.11379e-06 0.00033212 -5.20956e-05 -0.000305757 0.000720626 5.64066e-05 1.88691e-05
internal_weight=614 508 476 106 430 94 44 62 336
internal_count=614 508 476 106 430 94 44 62 336
is_linear=0
shrinkage=0.2


Tree=83
num_leaves=12
num_cat=0
split_feature=0 0 3 1 3 1 3 0 0 3 10
split_gain=0.000275265 0.00074442 0.00121695 0.000563461 0.000679979 0.000559929 0.000836263 0.00048898 9.40676e-05 6.39796e-05 5.66355e-05
threshold=0.74353648615397361 1.6928635863796766 1.0000000180025095e-35 1.0000000180025095e-35 1.0000000180025095e-35 0.84134494906376878 1.0000000180025095e-35 -0.34818967910558424 -0.11085790404915845 1.0000000180025095e-35 1.0000000180025095e-35
decision_type=2 2 2 2 2 2 2 2 2 2 2
left_child=3 2 -2 4 7 6 -5 -1 9 -7 -6
right_child=1 -3 -4 5 10 8 -8 -9 -10 -11 -12
leaf_value=-0.00031737625112079762 0.0014599022215603524 -0.0004020603225157805 1.4811183422035169e-05 0.0012641418123904087 -9.2741555907571358e-05 0.00028259511986423444 6.9682588582509203e-05 -0.0012431948312158242 -0.00035087623773142696 -0.00015471878868993373 0.00018306120630138769
leaf_weight=55 37 49 63 37 126 23 64 39 50 32 39
leaf_count=55 37 49 63 37 126 23 64 39 50 32 39
internal_value=-4.75189e-12 0.000236567 0.000549495 -7.58033e-05 -0.000272148 0.000171057 0.000507257 -0.000701492 -0.000152335 2.81579e-05 -2.75518e-05
internal_weight=614 149 100 465 259 206 101 94 105 55 165
internal_count=614 149 100 465 259 206 101 94 105 55 165
is_linear=0
shrinkage=0.2


Tree=84
num_leaves=12
num_cat=0
split_feature=13 3 0 3 1 0 3 3 3 0 0
split_gain=0.000183044 0.00147965 0.000953321 0.00137347 0.000481673 0.000355214 0.000343489 0.000187373 0.000176873 0.00013889 0.000219458
threshold=1.0000000180025095e-35 -1.383314525855508 -0.34818967910558424 1.0000000180025095e-35 -0.29027783018081799 -0.34818967910558424 1.0000000180025095e-35 0.6682678868867189 1.0000000180025095e-35 0.74353648615397361 1.6928635863796766
decision_type=2 2 2 2 2 2 2 2 2 2 2
left_child=1 -1 8 -4 -5 6 -3 -8 -2 -7 -11
right_child=2 5 3 4 -6 9 7 -9 -10 10 -12
leaf_value=0.0013748443234362639 0.00082254262330631411 -0.00062780066434624466 -0.0016638559036437073 0.00073591384155276632 -0.00047567845056099552 0.00025466321029519437 0.00019042853484048494 -0.00030341548340705535 0.00013891465382695925 -0.0002458472200992724 0.00037699364845386959
leaf_weight=32 24 62 32 21 35 139 63 60 41 72 33
leaf_count=32 24 62 32 21 35 139 63 60 41 72 33
internal_value=3.88683e-12 6.29098e-05 -0.000189552 -0.000618613 -2.13313e-05 -3.49501e-05 -0.000243954 -5.0471e-05 0.000391331 0.000123516 -5.00972e-05
internal_weight=614 461 153 88 56 429 185 123 65 244 105
internal_count=614 461 153 88 56 429 185 123 65 244 105
is_linear=0
shrinkage=0.2


Tree=85
num_leaves=12
num_cat=0
split_feature=0 0 11 3 13 1 1 3 3 0 10
split_gain=0.000209905 0.000600357 0.00082648 0.000527969 0.00032032 0.000161385 0.00042201 0.00126685 0.000236526 0.000275147 0.000169734
threshold=0.74353648615397361 1.6928635863796766 1.0000000180025095e-35 -1.383314525855508 1.0000000180025095e-35 1.0000000180025095e-35 0.84134494906376878 1.0000000180025095e-35 1.0000000180025095e-35 -0.34818967910558424 1.0000000180025095e-35
decision_type=2 2 2 2 2 2 2 2 2 2 2
left_child=3 2 4 -1 -2 8 7 -7 9 -5 -8
right_child=1 -3 -4 5 -6 6 10 -9 -10 -11 -12
leaf_value=-0.00086358620460340459 0.00042207070044241851 -0.00036693254837051169 0.0014330242719518506 8.080576263501884e-05 -0.00047978033190188203 -0.001548558531794697 0.00027608268092780446 4.491440759011312e-05 -3.6778105211190203e-05 0.00084839671129180536 -0.00037699627690017227
leaf_weight=31 50 49 27 47 23 29 78 64 165 31 20
leaf_count=31 50 49 27 47 23 29 78 64 165 31 20
internal_value=8.6162e-12 0.000206581 0.000487602 -6.61947e-05 0.000137926 -9.23818e-06 -0.000146802 -0.000451975 9.8888e-05 0.000385874 0.000142801
internal_weight=614 149 100 465 73 434 191 93 243 78 98
internal_count=614 149 100 465 73 434 191 93 243 78 98
is_linear=0
shrinkage=0.2


Tree=86
num_leaves=12
num_cat=0
split_feature=1 3 1 3 0 0 3 3 13 3 0
split_gain=0.000223948 0.00198347 0.000505757 0.000898552 0.000393172 0.000352056 0.000528838 0.000151376 8.68663e-05 7.67272e-05 0.000475893
threshold=1.0000000180025095e-35 -1.383314525855508 0.84134494906376878 1.0000000180025095e-35 1.6928635863796766 0.74353648615397361 1.0000000180025095e-35 1.0000000180025095e-35 1.0000000180025095e-35 0.6682678868867189 -0.11085790404915845
decision_type=2 2 2 2 2 2 2 2 2 2 2
left_child=1 -1 3 -2 5 7 -7 -3 9 10 -4
right_child=2 4 8 -5 -6 6 -8 -9 -10 -11 -12
leaf_value=-0.0018118312582373619 0.0012740762400868778 0.00030869915722294729 0.00040351499149936341 3.5931523598264903e-05 0.00057531297737549046 -0.0010529643345263697 -4.3934073838745316e-05 -2.9422488472791333e-05 0.0001718275593938651 -0.00056086616929281851 -0.00076929555647075177
leaf_weight=25 37 78 31 64 46 31 63 165 27 22 25
leaf_count=25 37 78 31 64 46 31 63 165 27 22 25
internal_value=1.21167e-12 -8.58267e-05 0.000169987 0.000489509 2.68368e-05 -4.80294e-05 -0.000376699 7.91104e-05 -0.000137363 -0.000244391 -0.000120061
internal_weight=614 408 206 101 383 337 94 243 105 78 56
internal_count=614 408 206 101 383 337 94 243 105 78 56
is_linear=0
shrinkage=0.2


Tree=87
num_leaves=10
num_cat=0
split_feature=3 0 0 3 0 0 0 0 0
split_gain=0.000250544 0.000305062 0.000144219 0.000338456 0.000161353 0.000464841 3.67592e-05 3.3557e-05 3.72442e-06
threshold=-1.383314525855508 1.6928635863796766 0.74353648615397361 1.0000000180025095e-35 -1.0601850042748606 -1.2500504243200012 1.1232673262442552 0.41127200107497791 -0.11085790404915845
decision_type=2 2 2 2 2 2 2 2 2
left_child=8 2 4 -4 5 -2 -5 -6 -1
right_child=1 -3 3 6 7 -7 -8 -9 -10
leaf_value=0.00042293653095839547 0.00016423151052246494 0.00046025037015130256 -0.00084237144913077507 -0.00019036340076596507 1.1627320021728399e-05 -0.00070765757056428721 0.00011521835185703822 0.00019070931296909647 0.00054499259218573578
leaf_weight=20 51 46 31 31 287 47 32 49 20
leaf_count=20 51 46 31 31 287 47 32 49 20
internal_value=7.82462e-12 -3.37257e-05 -7.67615e-05 -0.00030136 -2.81159e-05 -0.000253919 -3.51473e-05 3.77434e-05 0.000483965
internal_weight=614 574 528 94 434 98 63 336 40
internal_count=614 574 528 94 434 98 63 336 40
is_linear=0
shrinkage=0.2


Tree=88
num_leaves=9
num_cat=0
split_feature=0 3 3 0 0 0 13 0
split_gain=0.000297165 0.00211294 0.000105792 0.000281655 0.000378924 5.49023e-05 0.000114905 6.14448e-05
threshold=1.6928635863796766 -1.383314525855508 1.0000000180025095e-35 -1.0601850042748606 0.74353648615397361 1.0000000180025095e-35 1.0000000180025095e-35 -1.2500504243200012
decision_type=2 2 2 2 2 2 2 2
left_child=1 -1 3 -3 -5 7 -7 -4
right_child=-2 2 5 4 -6 6 -8 -9
leaf_value=0.0015020247634950196 -0.00047246605129342301 -0.00068747425312823103 -0.00019580474472604694 0.0001210398733712522 -0.00067389716090063658 2.8304568129695125e-06 -0.00043840717126224791 0.00010342868973882243
leaf_weight=37 49 36 32 106 31 99 31 193
leaf_count=37 49 36 32 106 31 99 31 193
internal_value=-9.50378e-13 4.09749e-05 -6.14092e-05 -0.000189651 -5.88364e-05 1.08614e-06 -0.000102388 6.0871e-05
internal_weight=614 565 528 173 137 355 130 225
internal_count=614 565 528 173 137 355 130 225
is_linear=0
shrinkage=0.2


Tree=89
num_leaves=11
num_cat=0
split_feature=0 0 3 3 1 0 3 0 3 0
split_gain=0.00032701 0.000737885 0.00141754 0.000635251 9.43548e-05 0.000287921 0.000117527 0.000249509 7.76713e-05 2.50391e-05
threshold=0.74353648615397361 1.6928635863796766 1.0000000180025095e-35 -1.383314525855508 0.84134494906376878 -1.0601850042748606 0.6682678868867189 -0.11085790404915845 0.6682678868867189 1.1232673262442552
decision_type=2 2 2 2 2 2 2 2 2 2
left_child=3 2 -2 -1 5 -5 7 -6 -7 -4
right_child=1 -3 9 4 6 8 -8 -9 -10 -11
leaf_value=-0.00095728327775554314 0.0015519746608333663 -0.00037797286115201875 -0.0001357766625005752 -0.00052959754904533961 0.00067100536211260739 8.1892500732194743e-05 -0.00016201750840991736 -0.00010816058249122674 -0.00013413381966529415 0.00011642820318229497
leaf_weight=31 37 49 31 47 35 185 32 31 104 32
leaf_count=31 37 49 31 47 35 185 32 31 104 32
internal_value=-5.63353e-12 0.000257846 0.000569397 -8.26216e-05 -2.01457e-05 -7.05086e-05 0.000152527 0.000305033 4.15293e-06 -7.6726e-06
internal_weight=614 149 100 465 434 336 98 66 289 63
internal_count=614 149 100 465 434 336 98 66 289 63
is_linear=0
shrinkage=0.2


Tree=90
num_leaves=10
num_cat=0
split_feature=0 3 0 0 0 3 3 3 11
split_gain=0.000246733 0.000861119 0.000355822 0.000345956 0.000169377 0.00036945 7.08895e-05 3.59907e-05 3.20447e-05
threshold=-1.0601850042748606 -1.383314525855508 1.6928635863796766 -1.2500504243200012 0.74353648615397361 1.0000000180025095e-35 1.0000000180025095e-35 1.0000000180025095e-35 1.0000000180025095e-35
decision_type=2 2 2 2 2 2 2 2 2
left_child=3 -2 4 7 8 -6 -5 -1 -3
right_child=1 2 -4 6 5 -7 -8 -9 -10
leaf_value=0.00012045277120626491 -0.001062201381137129 5.5945366978678986e-05 0.00053828808715637852 0.00093459588741617557 -0.00084951263544949583 -6.1380646897420761e-06 0.00045548532934238517 -0.00020754263387061657 -8.5054443287395549e-05
leaf_weight=23 32 249 46 21 31 63 30 32 87
leaf_count=23 32 249 46 21 31 63 30 32 87
internal_value=1.33551e-12 -5.79136e-05 9.60152e-06 0.000277548 -4.69557e-05 -0.000284272 0.000652766 -7.03809e-05 1.94365e-05
internal_weight=614 508 476 106 430 94 51 55 336
internal_count=614 508 476 106 430 94 51 55 336
is_linear=0
shrinkage=0.2


Tree=91
num_leaves=12
num_cat=0
split_feature=0 0 3 1 3 1 3 0 3 0 0
split_gain=0.000241841 0.000684034 0.00118051 0.000468689 0.000492455 0.000434603 0.000530738 0.000385461 0.000116101 9.74242e-05 6.96179e-05
threshold=0.74353648615397361 1.6928635863796766 1.0000000180025095e-35 1.0000000180025095e-35 1.0000000180025095e-35 0.84134494906376878 1.0000000180025095e-35 -0.34818967910558424 1.0000000180025095e-35 1.0000000180025095e-35 -0.11085790404915845
decision_type=2 2 2 2 2 2 2 2 2 2 2
left_child=3 2 -2 4 7 6 -5 -1 -7 -8 -10
right_child=1 -3 -4 5 -6 8 9 -9 10 -11 -12
leaf_value=-0.00027446055382659491 0.0014183801975623529 -0.00039043805386148852 -4.9104355090844725e-06 0.0010532608560940907 -4.1970762452392868e-05 -0.00038839070143045057 0.00036438825540244582 -0.001096457827057188 -0.00016603402618784458 -0.00013009690840536838 0.00025450359098613264
leaf_weight=55 37 49 63 37 165 42 30 39 32 34 31
leaf_count=55 37 49 63 37 165 42 30 39 32 34 31
internal_value=1.93394e-12 0.00022174 0.000521707 -7.10521e-05 -0.000250125 0.000154093 0.000450287 -0.000615502 -0.000130818 0.000101693 4.08972e-05
internal_weight=614 149 100 465 259 206 101 94 105 64 63
internal_count=614 149 100 465 259 206 101 94 105 64 63
is_linear=0
shrinkage=0.2


Tree=92
num_leaves=12
num_cat=0
split_feature=0 0 3 1 3 1 3 0 3 0 0
split_gain=0.000154778 0.000437782 0.000755526 0.000299961 0.000315171 0.000278146 0.000339672 0.000246695 7.4305e-05 6.23515e-05 4.45555e-05
threshold=0.74353648615397361 1.6928635863796766 1.0000000180025095e-35 1.0000000180025095e-35 1.0000000180025095e-35 0.84134494906376878 1.0000000180025095e-35 -0.34818967910558424 1.0000000180025095e-35 1.0000000180025095e-35 -0.11085790404915845
decision_type=2 2 2 2 2 2 2 2 2 2 2
left_child=3 2 -2 4 7 6 -5 -1 -7 -8 -10
right_child=1 -3 -4 5 -6 8 9 -9 10 -11 -12
leaf_value=-0.00021956850129010324 0.0011347042233053899 -0.00031235043379823841 -3.9283659250017198e-06 0.00084260873326629003 -3.3576603146326366e-05 -0.00031071257031899655 0.00029151060773680612 -0.00087716623973578978 -0.00013282721920404583 -0.00010407752800828724 0.00020360289096471763
leaf_weight=55 37 49 63 37 165 42 30 39 32 34 31
leaf_count=55 37 49 63 37 165 42 30 39 32 34 31
internal_value=5.82373e-12 0.000177392 0.000417366 -5.68417e-05 -0.0002001 0.000123274 0.00036023 -0.000492402 -0.000104654 8.13544e-05 3.27178e-05
internal_weight=614 149 100 465 259 206 101 94 105 64 63
internal_count=614 149 100 465 259 206 101 94 105 64 63
is_linear=0
shrinkage=0.2


Tree=93
num_leaves=10
num_cat=0
split_feature=3 0 0 3 1 1 3 3 0
split_gain=0.000134059 0.000443876 0.000289196 0.000731943 0.00020102 0.00054833 0.000251305 1.97359e-05 9.76312e-07
threshold=-1.383314525855508 1.6928635863796766 0.74353648615397361 1.0000000180025095e-35 1.0000000180025095e-35 0.84134494906376878 1.0000000180025095e-35 0.6682678868867189 -0.11085790404915845
decision_type=2 2 2 2 2 2 2 2 2
left_child=8 2 4 -4 6 -6 -2 -5 -1
right_child=1 -3 3 7 5 -7 -8 -9 -10
leaf_value=0.00038525978205143478 0.0004087952254802729 0.00057118817874098841 -0.0011902269983341198 -0.00010987395970997487 -0.00050908663048489049 0.00016888734357127427 -2.6861299746528717e-05 0.00011426171608036385 0.00032276780344545845
leaf_weight=20 78 46 31 33 93 98 165 30 20
leaf_count=20 78 46 31 33 93 98 165 30 20
internal_value=-3.32277e-12 -2.467e-05 -7.65818e-05 -0.000394628 -7.69628e-06 -0.000161226 0.000112979 -3.14269e-06 0.000354014
internal_weight=614 574 528 94 434 191 243 63 40
internal_count=614 574 528 94 434 191 243 63 40
is_linear=0
shrinkage=0.2


Tree=94
num_leaves=9
num_cat=0
split_feature=0 3 0 3 0 0 0 0
split_gain=0.000173562 0.00172765 0.000185085 0.000468444 0.000141342 0.000459251 6.72048e-05 1.65898e-05
threshold=1.6928635863796766 -1.383314525855508 0.74353648615397361 1.0000000180025095e-35 -1.0601850042748606 -1.2500504243200012 0.41127200107497791 1.1232673262442552
decision_type=2 2 2 2 2 2 2 2
left_child=1 -1 4 -4 5 -3 -6 -5
right_child=-2 2 3 7 6 -7 -8 -9
leaf_value=0.0013524566289364688 -0.00036107607075067864 0.00019813374292068916 -0.0009521816188709872 -0.00010678774204045054 1.8524492580527993e-05 -0.00066849659419955412 0.00027195615385069836 9.8500885360408585e-05
leaf_weight=37 49 51 31 31 287 47 49 32
leaf_count=37 49 51 31 31 287 47 49 32
internal_value=1.27329e-11 3.13146e-05 -6.12655e-05 -0.000315702 -6.157e-06 -0.000217495 5.54833e-05 -2.51415e-06
internal_weight=614 565 528 94 434 98 336 63
internal_count=614 565 528 94 434 98 336 63
is_linear=0
shrinkage=0.2


Tree=95
num_leaves=9
num_cat=0
split_feature=0 3 0 3 1 0 3 3
split_gain=0.000207165 0.000602335 0.000445587 0.000859479 9.55521e-05 9.07132e-05 0.000238945 1.30908e-05
threshold=0.74353648615397361 -1.383314525855508 1.6928635863796766 1.0000000180025095e-35 -1.4219006094254045 0.41127200107497791 1.0000000180025095e-35 0.6682678868867189
decision_type=2 2 2 2 2 2 2 2
left_child=1 -1 3 -2 -3 6 -6 -5
right_child=2 4 -4 7 5 -7 -8 -9
leaf_value=-0.00091746119602072618 0.0012124299136229565 0.00027098840102553369 -0.0002888608684779869 -8.8936714878813796e-05 -0.00031433007543537397 0.00021756492764213862 4.3221683074683607e-05 9.3606643373883951e-05
leaf_weight=31 37 45 49 33 111 49 229 30
leaf_count=31 37 45 49 33 111 49 229 30
internal_value=2.33484e-12 -6.57613e-05 0.000205228 0.000447332 -4.92561e-06 -3.68437e-05 -7.35084e-05 -2.01131e-06
internal_weight=614 465 149 100 434 389 340 63
internal_count=614 465 149 100 434 389 340 63
is_linear=0
shrinkage=0.2


Tree=96
num_leaves=12
num_cat=0
split_feature=1 3 1 0 0 3 3 3 0 13 3
split_gain=0.00017489 0.00178171 0.00042331 0.000404038 0.000269009 0.000522143 0.000218325 0.000202113 8.2079e-05 5.13608e-05 5.63025e-05
threshold=1.0000000180025095e-35 -1.383314525855508 0.84134494906376878 1.6928635863796766 0.74353648615397361 1.0000000180025095e-35 1.0000000180025095e-35 1.0000000180025095e-35 1.0000000180025095e-35 1.0000000180025095e-35 0.6682678868867189
decision_type=2 2 2 2 2 2 2 2 2 2 2
left_child=1 -1 6 4 7 -6 -2 -3 -8 10 -4
right_child=2 3 9 -5 5 -7 8 -9 -10 -11 -12
leaf_value=-0.0017117137587629259 0.00082927158218808476 0.00033146656127288368 -0.00010675953963072971 0.00058693791661821508 -0.0010042312938059051 -1.6090747464211688e-06 0.0004600807776053747 -5.9231678235598586e-05 6.2060682787833844e-06 0.00010678207984677068 -0.00048436288383196699
leaf_weight=25 37 78 56 46 31 63 30 165 34 27 22
leaf_count=25 37 78 56 46 31 63 30 165 34 27 22
internal_value=-1.11391e-13 -7.58458e-05 0.000150219 3.09341e-05 -4.49596e-05 -0.000332261 0.000442539 6.61776e-05 0.00021896 -0.000130966 -0.000213263
internal_weight=614 408 206 383 337 94 101 243 64 105 78
internal_count=614 408 206 383 337 94 101 243 64 105 78
is_linear=0
shrinkage=0.2


Tree=97
num_leaves=12
num_cat=0
split_feature=0 0 3 1 3 1 0 13 3 0 10
split_gain=0.000178579 0.000476374 0.000832213 0.000303686 0.000283071 0.000270918 0.000218101 0.000190423 0.000182243 6.29953e-05 0.00017018
threshold=0.74353648615397361 1.6928635863796766 1.0000000180025095e-35 1.0000000180025095e-35 1.0000000180025095e-35 0.84134494906376878 -0.34818967910558424 1.0000000180025095e-35 1.0000000180025095e-35 -0.58552145416201007 1.0000000180025095e-35
decision_type=2 2 2 2 2 2 2 2 2 2 2
left_child=3 2 -2 4 6 7 -1 8 -5 -6 -11
right_child=1 -3 -4 5 9 -7 -8 -9 -10 10 -12
leaf_value=-0.00022568305724152282 0.001193735545431893 -0.00032032955163491093 -1.28725784764226e-06 0.0009116756758885459 0.00010021024414420349 -0.00010477256440069704 -0.00084399716818155969 -0.00015169176925986034 0.00027438349463045596 -0.00029854281173037319 0.0003243169605569995
leaf_weight=55 37 49 63 28 68 105 39 23 50 74 23
leaf_count=55 37 49 63 28 68 105 39 23 50 74 23
internal_value=-8.91364e-12 0.000190543 0.000440871 -6.10559e-05 -0.000205201 0.000120175 -0.000482218 0.000354032 0.000503155 -4.73853e-05 -0.000150854
internal_weight=614 149 100 465 259 206 94 101 78 165 97
internal_count=614 149 100 465 259 206 94 101 78 165 97
is_linear=0
shrinkage=0.2


Tree=98
num_leaves=12
num_cat=0
split_feature=0 1 3 3 3 1 1 3 3 0 3
split_gain=0.00011429 0.000311515 0.000249152 0.00046809 0.00022555 0.000141536 0.000508762 0.00193722 0.000209071 0.000360105 0.000111851
threshold=0.74353648615397361 -0.29027783018081799 1.0000000180025095e-35 0.6682678868867189 -1.383314525855508 1.0000000180025095e-35 0.84134494906376878 1.0000000180025095e-35 1.0000000180025095e-35 -0.34818967910558424 1.0000000180025095e-35
decision_type=2 2 2 2 2 2 2 2 2 2 2
left_child=4 2 -2 -4 -1 8 7 -7 9 -6 -8
right_child=1 -3 3 -5 5 6 10 -9 -10 -11 -12
leaf_value=-0.000570025791943584 -0.00043483980663950206 0.0005719200408748293 0.00078942288949700266 -0.00031997052387851 1.0454933223453293e-05 -0.001831549498381029 0.00046419875064332569 0.00013893195864511654 -3.7908273904273906e-05 0.00088859139641206104 1.8277813843081869e-05
leaf_weight=31 40 48 29 32 47 29 35 64 165 31 63
leaf_count=31 40 48 29 32 47 29 35 64 165 31 63
internal_value=-7.2013e-12 0.000152435 -4.69246e-05 0.000207446 -4.88447e-05 -1.16175e-05 -0.000140444 -0.000475519 8.96414e-05 0.000359458 0.000177535
internal_weight=614 149 101 61 465 434 191 93 243 78 98
internal_count=614 149 101 61 465 434 191 93 243 78 98
is_linear=0
shrinkage=0.2


Tree=99
num_leaves=10
num_cat=0
split_feature=3 0 0 3 0 0 3 3 0
split_gain=0.00018377 0.000401861 0.000290023 0.000477829 9.6251e-05 0.000367622 4.46949e-05 2.67501e-05 1.56926e-05
threshold=-1.383314525855508 1.6928635863796766 0.74353648615397361 1.0000000180025095e-35 -1.0601850042748606 -1.2500504243200012 1.0000000180025095e-35 0.6682678868867189 -0.11085790404915845
decision_type=2 2 2 2 2 2 2 2 2
left_child=8 2 4 -4 5 -2 -6 -5 -1
right_child=1 -3 3 7 6 -7 -8 -9 -10
leaf_value=0.00053975580660335252 0.00018816888218234275 0.00053807296766456643 -0.0010396020783622179 -0.0002047271350007081 0.00014902094798052755 -0.00058720291993442052 -7.9473238893906057e-06 5.6215568911284208e-05 0.00028921542456373573
leaf_weight=20 51 46 31 33 106 47 230 30 20
leaf_count=20 51 46 31 33 106 47 230 30 20
internal_value=1.05466e-13 -2.8884e-05 -7.8278e-05 -0.000396779 -9.29398e-06 -0.000183693 4.15724e-05 -8.04687e-05 0.000414486
internal_weight=614 574 528 94 434 98 336 63 40
internal_count=614 574 528 94 434 98 336 63 40
is_linear=0
shrinkage=0.2


Tree=100
num_leaves=10
num_cat=0
split_feature=0 3 0 0 3 0 1 3 3
split_gain=0.00017006 0.000481224 0.000233271 0.00022582 0.00030581 0.00022107 4.21795e-05 2.95595e-05 2.11039e-05
threshold=-1.0601850042748606 -1.383314525855508 1.6928635863796766 0.74353648615397361 1.0000000180025095e-35 -1.2500504243200012 -1.4219006094254045 1.0000000180025095e-35 1.0000000180025095e-35
decision_type=2 2 2 2 2 2 2 2 2
left_child=5 -2 3 6 -5 7 -3 -1 -7
right_child=1 2 -4 4 -6 8 -8 -9 -10
leaf_value=0.00012523922310008306 -0.00079883880307534132 0.00021345649716547795 0.00043045838130005315 -0.00083168165292590857 -6.43749709337181e-05 0.00068413787798601248 5.3921884747503705e-06 -0.00017201017180923373 0.00042272565886378291
leaf_weight=23 32 45 46 31 63 21 291 32 30
leaf_count=23 32 45 46 31 63 21 291 32 30
internal_value=7.93956e-13 -4.80804e-05 2.39076e-06 -4.34025e-05 -0.000317423 0.000230423 3.32579e-05 -4.77059e-05 0.000530366
internal_weight=614 508 476 430 94 106 336 55 51
internal_count=614 508 476 430 94 106 336 55 51
is_linear=0
shrinkage=0.2


Tree=101
num_leaves=8
num_cat=0
split_feature=0 3 1 0 0 10 0
split_gain=0.000237479 0.00202408 0.000105784 0.000287581 0.000130778 0.000104588 0.00023688
threshold=1.6928635863796766 -1.383314525855508 0.84134494906376878 -1.0601850042748606 0.74353648615397361 1.0000000180025095e-35 -0.11085790404915845
decision_type=2 2 2 2 2 2 2
left_child=1 -1 3 -3 -5 6 -4
right_child=-2 2 5 4 -6 -7 -8
leaf_value=0.0014666268970137714 -0.00042236163298722969 -0.00057321813402132714 0.00055966002571328384 1.7632753011721401e-05 -0.00025393834002898077 -0.00028408731333911418 -0.00013832955470157636
leaf_weight=37 49 47 41 289 94 20 37
leaf_count=37 49 47 41 289 94 20 37
internal_value=9.4386e-12 3.66296e-05 -6.35785e-05 -0.000106315 -4.90192e-05 0.00012394 0.000228562
internal_weight=614 565 528 430 383 98 78
internal_count=614 565 528 430 383 98 78
is_linear=0
shrinkage=0.2


Tree=102
num_leaves=11
num_cat=0
split_feature=0 0 3 3 0 3 0 0 0 3
split_gain=0.000209587 0.000540781 0.000955789 0.000379141 7.9365e-05 0.000331195 0.000176892 2.94976e-05 4.64479e-05 1.712e-05
threshold=0.74353648615397361 1.6928635863796766 1.0000000180025095e-35 -1.383314525855508 -1.0601850042748606 1.0000000180025095e-35 -1.2500504243200012 0.41127200107497791 1.0000000180025095e-35 0.6682678868867189
decision_type=2 2 2 2 2 2 2 2 2 2
left_child=3 2 -2 -1 5 -5 -7 8 -6 -4
right_child=1 -3 9 4 7 6 -8 -9 -10 -11
leaf_value=-0.00074186661926608892 0.0012799657270866069 -0.00033788931441264069 -0.00010011906975485159 -0.00065874942681855633 3.8976404145437284e-05 -0.00022317301773000509 0.00045282415580004452 0.00017172639058933746 -0.00018033763677205732 0.00010863509717940663
leaf_weight=31 37 49 33 36 241 32 30 49 46 30
leaf_count=31 37 49 33 36 241 32 30 49 46 30
internal_value=-3.42053e-12 0.000206425 0.000473139 -6.61447e-05 -1.78788e-05 -0.000176243 0.000103922 2.83106e-05 3.82502e-06 -7.12324e-07
internal_weight=614 149 100 465 434 98 62 336 287 63
internal_count=614 149 100 465 434 98 62 336 287 63
is_linear=0
shrinkage=0.2


Tree=103
num_leaves=12
num_cat=0
split_feature=1 3 1 3 0 0 3 3 3 0 0
split_gain=0.000164187 0.00116962 0.00039841 0.000327258 0.000305395 0.000179251 0.000393128 0.000108248 6.8852e-05 6.0404e-05 5.47652e-05
threshold=1.0000000180025095e-35 -1.383314525855508 0.84134494906376878 1.0000000180025095e-35 1.6928635863796766 0.74353648615397361 1.0000000180025095e-35 1.0000000180025095e-35 1.0000000180025095e-35 1.0000000180025095e-35 -0.11085790404915845
decision_type=2 2 2 2 2 2 2 2 2 2 2
left_child=1 -1 3 -2 5 7 -7 -3 -4 -5 -10
right_child=2 4 8 9 -6 6 -8 -9 10 -11 -12
leaf_value=-0.0013989003077149393 0.00090262455412664928 0.00023191323132964615 -0.00032559257898745795 0.00036225932960708937 0.00049641688693436272 -0.00087055083901260884 -5.6982214104325055e-07 -5.4013409341375032e-05 -0.00017853836761787535 -2.7101941283463558e-05 0.00019445110397833972
leaf_weight=25 37 78 42 30 46 31 63 165 32 34 31
leaf_count=25 37 78 42 30 46 31 63 165 32 34 31
internal_value=7.05792e-12 -7.34884e-05 0.00014555 0.000429143 1.30267e-05 -5.29554e-05 -0.000287478 3.77655e-05 -0.000127239 0.000155411 4.99613e-06
internal_weight=614 408 206 101 383 337 94 243 105 64 63
internal_count=614 408 206 101 383 337 94 243 105 64 63
is_linear=0
shrinkage=0.2


Tree=104
num_leaves=10
num_cat=0
split_feature=3 0 1 3 1 3 0 0 0
split_gain=0.000179846 0.000226568 0.000150689 0.000324304 0.00119851 0.00010479 9.84143e-05 3.50497e-05 7.24003e-06
threshold=-1.383314525855508 1.6928635863796766 0.84134494906376878 1.0000000180025095e-35 1.0000000180025095e-35 1.0000000180025095e-35 -0.82285322921843529 -0.11085790404915845 -0.11085790404915845
decision_type=2 2 2 2 2 2 2 2 2
left_child=8 2 3 4 -2 -4 -5 -7 -1
right_child=1 -3 5 6 -6 7 -8 -9 -10
leaf_value=0.00049512489349581303 -6.5305314257467568e-05 0.00039713351606738092 0.00043561326406363934 0.0002241029248883327 -0.0015120055161191729 -0.0001428307092282921 -5.8165612182169184e-05 0.00015556089610101718 0.00032494819315616043
leaf_weight=20 109 46 35 63 29 32 229 31 20
leaf_count=20 109 46 35 63 29 32 229 31 20
internal_value=-1.19627e-11 -2.8574e-05 -6.56621e-05 -0.000116669 -0.000369322 0.000158146 2.73479e-06 3.99691e-06 0.000410037
internal_weight=614 574 528 430 138 98 292 63 40
internal_count=614 574 528 430 138 98 292 63 40
is_linear=0
shrinkage=0.2


Tree=105
num_leaves=8
num_cat=0
split_feature=0 3 1 0 0 3 0
split_gain=0.000240375 0.00161035 9.6441e-05 0.000217626 9.47089e-05 8.04023e-05 0.00021164
threshold=1.6928635863796766 -1.383314525855508 0.84134494906376878 -1.0601850042748606 0.74353648615397361 0.6682678868867189 -0.11085790404915845
decision_type=2 2 2 2 2 2 2
left_child=1 -1 3 -3 -5 6 -4
right_child=-2 2 5 4 -6 -7 -8
leaf_value=0.0013123577412271345 -0.00042492963055300775 -0.00049949950845713949 0.00058971442747861151 1.3227603369260331e-05 -0.00021787873534931542 -0.00013364811456995085 -0.00012789191978593027
leaf_weight=37 49 47 35 289 94 32 31
leaf_count=37 49 47 35 289 94 32 31
internal_value=-5.47474e-13 3.68523e-05 -5.25297e-05 -9.33356e-05 -4.3493e-05 0.000126516 0.000252657
internal_weight=614 565 528 430 383 98 66
internal_count=614 565 528 430 383 98 66
is_linear=0
shrinkage=0.2


Tree=106
num_leaves=12
num_cat=0
split_feature=0 0 3 3 0 13 0 13 0 3 0
split_gain=0.000220478 0.000555483 0.000777155 0.00048284 5.71022e-05 0.000218773 0.00029344 0.000180781 0.000144149 8.49806e-05 3.73105e-05
threshold=0.74353648615397361 1.6928635863796766 1.0000000180025095e-35 -1.383314525855508 -0.34818967910558424 1.0000000180025095e-35 -0.58552145416201007 1.0000000180025095e-35 -0.82285322921843529 1.0000000180025095e-35 1.0000000180025095e-35
decision_type=2 2 2 2 2 2 2 2 2 2 2
left_child=3 2 -2 -1 5 6 -5 9 -7 -6 -9
right_child=1 -3 -4 4 7 8 -8 10 -10 -11 -12
leaf_value=-0.00083039306900313786 0.0012095690030774504 -0.00033994371201237191 5.4753001206827033e-05 -6.3788899492161967e-05 0.00041534281097648841 -2.0314053619733535e-06 -0.00070691430342516726 -0.00010243378078135161 0.00061964056454598914 7.9133998798696625e-05 -0.00045632364609363407
leaf_weight=31 37 49 63 150 44 37 35 26 25 95 22
leaf_count=31 37 49 63 150 44 37 35 26 25 95 22
internal_value=-5.23093e-12 0.00021172 0.000482035 -6.78414e-05 -1.33734e-05 -7.64959e-05 -0.000185461 7.00022e-05 0.000248643 0.00018556 -0.000264633
internal_weight=614 149 100 465 434 247 185 187 62 139 48
internal_count=614 149 100 465 434 247 185 187 62 139 48
is_linear=0
shrinkage=0.2


Tree=107
num_leaves=10
num_cat=0
split_feature=0 3 0 0 0 3 3 12 3
split_gain=0.000154997 0.000561889 0.000271773 0.000271355 0.000146395 0.000444924 7.10673e-05 2.27361e-05 7.36371e-06
threshold=-1.0601850042748606 -1.383314525855508 1.6928635863796766 -1.2500504243200012 0.74353648615397361 1.0000000180025095e-35 1.0000000180025095e-35 1.0000000180025095e-35 1.0000000180025095e-35
decision_type=2 2 2 2 2 2 2 2 2
left_child=3 -2 4 8 7 -6 -5 -3 -1
right_child=1 2 -4 6 5 -7 -8 -9 -10
leaf_value=-1.8399320137889491e-06 -0.00085714662764075917 -9.1055598161238739e-06 0.00047068147557539582 0.00083447359114264456 -0.00088171766293535555 4.3802380899987405e-05 0.00035476249332229296 0.00011104265740002683 -0.00015020126011222601
leaf_weight=23 32 252 46 21 31 63 30 84 32
leaf_count=23 32 252 46 21 31 63 30 84 32
internal_value=2.9957e-12 -4.59017e-05 8.63578e-06 0.000219982 -4.07924e-05 -0.000261422 0.000552291 2.09315e-05 -8.81593e-05
internal_weight=614 508 476 106 430 94 51 336 55
internal_count=614 508 476 106 430 94 51 336 55
is_linear=0
shrinkage=0.2


Tree=108
num_leaves=11
num_cat=0
split_feature=0 0 3 0 3 3 3 1 10 3
split_gain=0.000165897 0.000519478 0.000715628 0.000282398 0.000233679 0.000187523 0.00012299 0.000277653 3.30807e-05 1.09568e-05
threshold=0.74353648615397361 1.6928635863796766 1.0000000180025095e-35 0.41127200107497791 -1.383314525855508 1.0000000180025095e-35 1.0000000180025095e-35 0.84134494906376878 1.0000000180025095e-35 0.6682678868867189
decision_type=2 2 2 2 2 2 2 2 2 2
left_child=3 2 -2 4 -1 -5 7 -6 -8 -4
right_child=1 -3 9 5 6 -7 8 -9 -10 -11
leaf_value=0.00056582763877317864 0.0011432018636008475 -0.00034983217061677836 -4.4483457212195256e-05 -0.00097664085253200048 -0.00038902655443442719 -0.00020053165710785174 -2.3862586208429208e-06 0.00027381821535527707 0.00016907067871090541 0.00012251984003038767
leaf_weight=27 37 49 33 20 91 33 201 35 58 30
leaf_count=27 37 49 33 20 91 33 201 35 58 30
internal_value=1.11391e-12 0.000183653 0.000445061 -5.8848e-05 -2.94653e-06 -0.000493403 -4.28346e-05 -0.000204903 3.60095e-05 3.50419e-05
internal_weight=614 149 100 465 412 53 385 126 259 63
internal_count=614 149 100 465 412 53 385 126 259 63
is_linear=0
shrinkage=0.2


Tree=109
num_leaves=9
num_cat=0
split_feature=1 3 0 3 1 3 0 0
split_gain=0.000113419 0.00101457 0.00029553 0.000225964 0.000732224 0.000145557 6.46624e-05 2.6659e-05
threshold=0.84134494906376878 -1.383314525855508 1.6928635863796766 1.0000000180025095e-35 1.0000000180025095e-35 1.0000000180025095e-35 -0.82285322921843529 -0.11085790404915845
decision_type=2 2 2 2 2 2 2 2
left_child=1 -1 3 4 -3 -2 -5 -7
right_child=5 2 -4 6 -6 7 -8 -9
leaf_value=0.0011114463264785821 -0.00047765908031059169 -6.0116761863881022e-05 0.00044651160933278298 0.00019225748311284754 -0.0011908999503718624 -0.00012504178739618512 -3.6544264937287367e-05 0.00013519353984344391
leaf_weight=33 42 109 46 63 29 32 229 31
leaf_count=33 42 109 46 63 29 32 229 31
internal_value=5.0978e-12 3.90413e-05 -3.53061e-05 -8.68494e-05 -0.000297745 -0.000189257 1.28205e-05 3.01052e-06
internal_weight=614 509 476 430 138 105 292 63
internal_count=614 509 476 430 138 105 292 63
is_linear=0
shrinkage=0.2


Tree=110
num_leaves=8
num_cat=0
split_feature=0 3 0 3 0 0 3
split_gain=0.000189519 0.000936592 0.000171514 0.000476037 6.29699e-05 5.13036e-05 7.01237e-06
threshold=1.6928635863796766 -1.383314525855508 0.74353648615397361 1.0000000180025095e-35 0.41127200107497791 -1.2500504243200012 0.6682678868867189
decision_type=2 2 2 2 2 2 2
left_child=1 -1 4 -4 5 -3 -5
right_child=-2 2 3 6 -6 -7 -8
leaf_value=0.00100546307119264 -0.00037731008612484278 0.00017726484996577105 -0.00092199115902222989 -2.8277923367127324e-05 0.00023114877766026756 -3.8100553362443491e-05 0.00010532473019945126
leaf_weight=37 49 51 31 33 49 334 30
leaf_count=37 49 51 31 33 49 334 30
internal_value=-5.61931e-12 3.27225e-05 -3.54431e-05 -0.000280374 1.76065e-05 -9.57163e-06 3.53424e-05
internal_weight=614 565 528 94 434 385 63
internal_count=614 565 528 94 434 385 63
is_linear=0
shrinkage=0.2


Tree=111
num_leaves=12
num_cat=0
split_feature=0 3 0 3 0 3 0 3 10 10 0
split_gain=0.000131666 0.000719971 0.000395447 0.000562189 5.64852e-05 0.000220374 0.00118041 8.00267e-05 0.000247971 9.31886e-05 4.60837e-06
threshold=0.74353648615397361 -1.383314525855508 1.6928635863796766 1.0000000180025095e-35 -1.0601850042748606 0.6682678868867189 -1.2500504243200012 1.0000000180025095e-35 1.0000000180025095e-35 1.0000000180025095e-35 1.1232673262442552
decision_type=2 2 2 2 2 2 2 2 2 2 2
left_child=1 -1 3 -2 5 6 -3 8 -6 -9 -5
right_child=2 4 -4 10 7 -7 -8 9 -10 -11 -12
leaf_value=-0.00098358795662680941 0.0010104744018659601 0.00049040134530514473 -0.00030184809719109899 -2.6683655056741931e-05 0.0003712177858142241 0.00033201873147239292 -0.001176883122763794 -8.2872675762690694e-05 -0.00033975229867232539 0.00021943600874675337 8.1514065641385969e-05
leaf_weight=31 37 35 49 31 80 30 33 177 26 53 32
leaf_count=31 37 35 49 31 80 30 33 177 26 53 32
internal_value=2.88105e-13 -5.24263e-05 0.000163612 0.000391688 1.40852e-05 -0.000119516 -0.000318722 5.30521e-05 0.000196829 -1.32102e-05 2.82739e-05
internal_weight=614 465 149 100 434 98 68 336 106 230 63
internal_count=614 465 149 100 434 98 68 336 106 230 63
is_linear=0
shrinkage=0.2


Tree=112
num_leaves=12
num_cat=0
split_feature=1 3 1 3 0 0 3 3 3 0 0
split_gain=0.00017015 0.00148547 0.000697525 0.000581039 0.000289143 0.000208978 0.000480996 0.000112505 0.000102763 4.64195e-05 4.50723e-05
threshold=1.0000000180025095e-35 -1.383314525855508 0.84134494906376878 1.0000000180025095e-35 1.6928635863796766 0.74353648615397361 1.0000000180025095e-35 1.0000000180025095e-35 1.0000000180025095e-35 1.0000000180025095e-35 -0.11085790404915845
decision_type=2 2 2 2 2 2 2 2 2 2 2
left_child=1 -1 3 -2 5 7 -7 -3 -4 -5 -10
right_child=2 4 8 9 -6 6 -8 -9 10 -11 -12
leaf_value=-0.001568503767484799 0.0011543109380589749 0.00025436935467064946 -0.00045510243757494864 0.00034000032115727663 0.0004930409246931642 -0.00093968780455461166 2.2619131800999485e-05 -3.7125167335475318e-05 -0.00021772847685497254 -1.3263088048380964e-06 0.00012064717349506194
leaf_weight=25 37 78 42 30 46 31 63 165 32 34 31
leaf_count=25 37 78 42 30 46 31 63 165 32 34 31
internal_value=-4.31699e-12 -7.4811e-05 0.000148169 0.00052341 2.26886e-05 -4.15138e-05 -0.000294737 5.6441e-05 -0.000212777 0.000158671 -5.12262e-05
internal_weight=614 408 206 101 383 337 94 243 105 64 63
internal_count=614 408 206 101 383 337 94 243 105 64 63
is_linear=0
shrinkage=0.2


Tree=113
num_leaves=9
num_cat=0
split_feature=0 3 0 3 0 13 13 3
split_gain=0.000131961 0.00111834 0.000101703 0.000307838 4.63056e-05 0.000153498 0.000111381 4.63224e-06
threshold=1.6928635863796766 -1.383314525855508 0.74353648615397361 1.0000000180025095e-35 -0.34818967910558424 1.0000000180025095e-35 1.0000000180025095e-35 0.6682678868867189
decision_type=2 2 2 2 2 2 2 2
left_child=1 -1 4 -4 5 -3 -6 -5
right_child=-2 2 3 7 6 -7 -8 -9
leaf_value=0.0010902444681001675 -0.00031484324300640301 -0.0001544463310445379 -0.00075175023727839998 -3.361280400757537e-05 0.00015945478246996193 0.00020917396384081052 -0.00019391470438373897 7.4974231538362814e-05
leaf_weight=37 49 185 31 33 139 62 48 30
leaf_count=37 49 185 31 33 139 62 48 30
internal_value=-4.98622e-12 2.7305e-05 -4.71813e-05 -0.00023579 -6.33059e-06 -6.31732e-05 6.87503e-05 1.80953e-05
internal_weight=614 565 528 94 434 247 187 63
internal_count=614 565 528 94 434 247 187 63
is_linear=0
shrinkage=0.2


Tree=114
num_leaves=12
num_cat=0
split_feature=0 3 0 3 1 1 3 10 3 0 0
split_gain=0.000193339 0.000556297 0.000369837 0.000695984 3.83661e-05 0.0001315 0.000690111 7.94508e-05 7.23696e-05 0.000200345 3.10073e-05
threshold=0.74353648615397361 -1.383314525855508 1.6928635863796766 1.0000000180025095e-35 1.0000000180025095e-35 0.84134494906376878 1.0000000180025095e-35 1.0000000180025095e-35 1.0000000180025095e-35 -0.58552145416201007 0.41127200107497791
decision_type=2 2 2 2 2 2 2 2 2 2 2
left_child=1 -1 3 -2 8 6 -6 -7 9 -3 -10
right_child=2 4 -4 -5 5 7 -8 -9 10 -11 -12
leaf_value=-0.00088203349178882272 0.0011073206873874911 -0.00016790078185625716 -0.00025187460942477775 1.4476245269179344e-05 -0.0010518444850559122 0.00018071099512804396 0.00012424950782587984 -0.00026610624045133593 1.5962270999531911e-05 0.00048088722707082828 -0.000200788082667824
leaf_weight=31 37 33 49 63 29 78 64 20 132 45 33
leaf_count=31 37 33 49 63 29 78 64 20 132 45 33
internal_value=-2.46897e-12 -6.35291e-05 0.000198262 0.000418829 -5.06446e-06 -7.21371e-05 -0.000242489 8.95238e-05 4.76552e-05 0.0002064 -2.73878e-05
internal_weight=614 465 149 100 434 191 93 98 243 78 165
internal_count=614 465 149 100 434 191 93 98 243 78 165
is_linear=0
shrinkage=0.2


Tree=115
num_leaves=10
num_cat=0
split_feature=0 3 0 0 3 0 3 0 3
split_gain=0.000150004 0.000624294 0.000312485 0.000295338 0.000166146 0.000149473 0.000361668 2.2051e-05 1.18167e-05
threshold=-1.0601850042748606 -1.383314525855508 1.6928635863796766 -1.2500504243200012 1.0000000180025095e-35 0.74353648615397361 1.0000000180025095e-35 0.41127200107497791 1.0000000180025095e-35
decision_type=2 2 2 2 2 2 2 2 2
left_child=3 -2 5 8 -5 7 -7 -3 -1
right_child=1 2 -4 4 -6 6 -8 -9 -10
leaf_value=4.2866004387969554e-06 -0.00090026451252924746 5.2745076271994141e-07 0.00050777631043709577 0.00099455352395861631 0.00026107070036232469 -0.00082286438236253397 1.1581002128502679e-05 0.00014569690250268929 -0.00018365370342507959
leaf_weight=23 32 287 46 21 30 31 63 49 32
leaf_count=23 32 287 46 21 30 31 63 49 32
internal_value=-3.14975e-12 -4.51563e-05 1.23299e-05 0.00021641 0.000563093 -4.06713e-05 -0.000263608 2.1698e-05 -0.00010506
internal_weight=614 508 476 106 51 430 94 336 55
internal_count=614 508 476 106 51 430 94 336 55
is_linear=0
shrinkage=0.2


Tree=116
num_leaves=11
num_cat=0
split_feature=0 0 3 0 0 0 3 0 3 0
split_gain=0.000144487 0.000381547 0.000634765 0.000264489 0.000189647 0.000188656 0.000314463 0.000189016 0.000178452 3.06688e-06
threshold=0.74353648615397361 1.6928635863796766 1.0000000180025095e-35 0.41127200107497791 1.0000000180025095e-35 -1.0601850042748606 1.0000000180025095e-35 -1.2500504243200012 1.0000000180025095e-35 1.1232673262442552
decision_type=2 2 2 2 2 2 2 2 2 2
left_child=3 2 -2 4 5 7 -7 -1 -5 -4
right_child=1 -3 9 8 -6 6 -8 -9 -10 -11
leaf_value=-8.4048378365960991e-05 0.0010529397457847498 -0.00028581362483756883 -3.5568655678822152e-05 -0.00094687490200158215 0.00036429010634310546 -0.00043761377948554111 2.3278289248144106e-05 0.00045047445775137519 -0.00018976991149512206 5.269716348266229e-05
leaf_weight=55 37 49 31 20 50 93 163 51 33 32
leaf_count=55 37 49 31 20 50 93 163 51 33 32
internal_value=4.40823e-13 0.000171393 0.000395425 -5.49195e-05 -8.19608e-07 -5.12491e-05 -0.000144155 0.000173128 -0.00047547 9.26478e-06
internal_weight=614 149 100 465 412 362 256 106 53 63
internal_count=614 149 100 465 412 362 256 106 53 63
is_linear=0
shrinkage=0.2


Tree=117
num_leaves=12
num_cat=0
split_feature=0 0 11 3 10 1 1 3 3 0 3
split_gain=9.24717e-05 0.00024419 0.000507863 0.000212561 0.000171767 8.26652e-05 0.000224465 0.000534476 0.000112456 0.000142883 8.60013e-05
threshold=0.74353648615397361 1.6928635863796766 1.0000000180025095e-35 -1.383314525855508 1.0000000180025095e-35 1.0000000180025095e-35 0.84134494906376878 1.0000000180025095e-35 1.0000000180025095e-35 -0.34818967910558424 1.0000000180025095e-35
decision_type=2 2 2 2 2 2 2 2 2 2 2
left_child=3 2 4 -1 -2 8 7 -7 9 -5 -8
right_child=1 -3 -4 5 -6 6 10 -9 -10 -11 -12
leaf_value=-0.00054988766599807048 -0.00018594872300572537 -0.00022865086936448912 0.0010574501585560265 4.7635481918250471e-05 0.00045470765191846745 -0.0010410844090450878 0.00035632612582828319 -6.0696236687363132e-06 -2.3956253770103847e-05 0.00060077847710119628 -3.46869585059938e-05
leaf_weight=31 47 49 27 47 26 29 35 64 165 31 63
leaf_count=31 47 49 27 47 26 29 35 64 165 31 63
internal_value=6.21182e-12 0.000137115 0.00031634 -4.39356e-05 4.22303e-05 -7.7962e-06 -0.00010625 -0.000328816 6.95894e-05 0.000267474 0.000104961
internal_weight=614 149 100 465 73 434 191 93 243 78 98
internal_count=614 149 100 465 73 434 191 93 243 78 98
is_linear=0
shrinkage=0.2


Tree=118
num_leaves=7
num_cat=0
split_feature=1 3 0 0 3 0
split_gain=0.000104734 0.000588671 0.000364621 0.000201931 0.000401951 5.02891e-05
threshold=-1.4219006094254045 -1.383314525855508 1.6928635863796766 0.74353648615397361 1.0000000180025095e-35 -1.0601850042748606
decision_type=2 2 2 2 2 2
left_child=-1 -2 3 5 -5 -3
right_child=1 2 -4 4 -6 -7
leaf_value=-0.00028048880215335103 0.0008068876560880907 -0.00014051861469443813 0.0005091139592442905 -0.00093281990702962512 -5.3130299299179266e-05 2.5127860935504113e-05
leaf_weight=49 36 98 46 31 63 291
leaf_count=49 36 98 46 31 63 291
internal_value=6.11939e-12 2.43256e-05 -2.89301e-05 -8.01723e-05 -0.000343241 -1.66031e-05
internal_weight=614 565 529 483 94 389
internal_count=614 565 529 483 94 389
is_linear=0
shrinkage=0.2


Tree=119
num_leaves=9
num_cat=0
split_feature=0 3 0 3 1 1 3 3
split_gain=0.000110717 0.001039 0.000148371 0.000257249 4.87202e-05 0.00014407 7.23682e-05 4.45629e-06
threshold=1.6928635863796766 -1.383314525855508 0.74353648615397361 1.0000000180025095e-35 1.0000000180025095e-35 0.84134494906376878 1.0000000180025095e-35 0.6682678868867189
decision_type=2 2 2 2 2 2 2 2
left_child=1 -1 4 -4 6 -6 -3 -5
right_child=-2 2 3 7 5 -7 -8 -9
leaf_value=0.0010495544587438173 -0.00028838968493652585 0.0002207084205367256 -0.00074625591401972127 -9.3220830912645348e-05 -0.00025133575708354998 9.618367077972816e-05 -1.3077243224181461e-05 1.3284002197906377e-05
leaf_weight=37 49 78 31 33 93 98 165 30
leaf_count=37 49 78 31 33 93 98 165 30
internal_value=9.31654e-12 2.50108e-05 -4.67849e-05 -0.000274593 2.55596e-06 -7.30274e-05 6.19651e-05 -4.25042e-05
internal_weight=614 565 528 94 434 191 243 63
internal_count=614 565 528 94 434 191 243 63
is_linear=0
shrinkage=0.2


Tree=120
num_leaves=11
num_cat=0
split_feature=0 3 0 3 0 0 3 13 13 0
split_gain=0.000121206 0.000445943 0.000274342 0.000617754 3.18759e-05 0.000146298 3.34945e-05 0.000141756 6.82646e-05 3.53561e-06
threshold=0.74353648615397361 -1.383314525855508 1.6928635863796766 1.0000000180025095e-35 -1.0601850042748606 -1.2500504243200012 1.0000000180025095e-35 1.0000000180025095e-35 1.0000000180025095e-35 1.1232673262442552
decision_type=2 2 2 2 2 2 2 2 2 2
left_child=1 -1 3 -2 5 -3 7 -6 -8 -5
right_child=2 4 -4 9 6 -7 8 -9 -10 -11
leaf_value=-0.00078313727637812985 0.00099559244164894984 0.00013626658942039106 -0.0002307117557300407 -8.2141135240935026e-05 -1.0878943762288112e-05 -0.00035286750198599507 5.2450698843274856e-05 0.00051995480467599846 -0.00019704764296983417 1.2630069068109152e-05
leaf_weight=31 37 51 49 31 79 47 171 27 59 32
leaf_count=31 37 51 49 31 79 47 171 27 59 32
internal_value=1.56895e-12 -5.03007e-05 0.000156979 0.000346947 2.04476e-06 -9.83181e-05 3.13173e-05 0.000124333 -1.1551e-05 -3.40034e-05
internal_weight=614 465 149 100 434 98 336 106 230 63
internal_count=614 465 149 100 434 98 336 106 230 63
is_linear=0
shrinkage=0.2


Tree=121
num_leaves=10
num_cat=0
split_feature=0 3 0 0 0 3 3 3 3
split_gain=0.000142401 0.000584554 0.000317597 0.000298779 0.000171758 0.000307098 0.00015385 2.14365e-05 1.61758e-06
threshold=-1.0601850042748606 -1.383314525855508 1.6928635863796766 -1.2500504243200012 0.74353648615397361 1.0000000180025095e-35 1.0000000180025095e-35 1.0000000180025095e-35 1.0000000180025095e-35
decision_type=2 2 2 2 2 2 2 2 2
left_child=3 -2 4 8 7 -6 -5 -3 -1
right_child=1 2 -4 6 5 -7 -8 -9 -10
leaf_value=-7.202682976165544e-05 -0.00087144141434691846 9.9466747866794114e-05 0.00051111145705521189 0.00097473883873871753 -0.00079612323541134117 -2.7202708241973249e-05 0.00026891993203510838 -9.2408368452553366e-06 -0.00014156216930132361
leaf_weight=23 32 106 46 21 31 63 30 230 32
leaf_count=23 32 106 46 21 31 63 30 230 32
internal_value=1.17316e-12 -4.39971e-05 1.16295e-05 0.000210854 -4.18035e-05 -0.000280783 0.000559551 2.50538e-05 -0.000112484
internal_weight=614 508 476 106 430 94 51 336 55
internal_count=614 508 476 106 430 94 51 336 55
is_linear=0
shrinkage=0.2


Tree=122
num_leaves=7
num_cat=0
split_feature=1 3 0 10 0 1
split_gain=0.000110188 0.000301998 0.000224851 0.000104682 0.000277948 0.000129239
threshold=1.690062033497209 -1.383314525855508 1.6928635863796766 1.0000000180025095e-35 -1.2500504243200012 1.0000000180025095e-35
decision_type=2 2 2 2 2 2
left_child=1 -1 3 4 -3 -5
right_child=-2 2 -4 5 -6 -7
leaf_value=0.00057755463372764966 -0.00028455591294914486 0.00048905462821627538 0.00040888915432531024 -8.3037740177256453e-05 -6.3555726691937213e-05 -0.0005476529408684548
leaf_weight=37 50 41 46 81 325 34
leaf_count=37 50 41 46 81 325 34
internal_value=-2.38187e-12 2.52266e-05 -1.35517e-05 -5.39514e-05 -1.65129e-06 -0.000220402
internal_weight=614 564 527 481 366 115
internal_count=614 564 527 481 366 115
is_linear=0
shrinkage=0.2


Tree=123
num_leaves=9
num_cat=0
split_feature=0 3 0 3 0 3 0 3
split_gain=0.000166548 0.000844102 8.94511e-05 0.000196653 5.59493e-05 0.000136888 1.72564e-05 2.96818e-06
threshold=1.6928635863796766 -1.383314525855508 0.74353648615397361 1.0000000180025095e-35 -1.0601850042748606 0.6682678868867189 0.41127200107497791 0.6682678868867189
decision_type=2 2 2 2 2 2 2 2
left_child=1 -1 4 -4 5 -3 -6 -5
right_child=-2 2 3 7 6 -7 -8 -9
leaf_value=0.00095413792249117349 -0.00035370565280888459 -0.00028569367406068043 -0.0006233075742549714 -4.9390815812247719e-05 2.4327737222853984e-05 0.00022718035150319342 0.00015274861640990616 3.753074153792113e-05
leaf_weight=37 49 68 31 33 287 30 49 30
leaf_count=37 49 68 31 33 287 30 49 30
internal_value=2.65442e-13 3.06754e-05 -3.4037e-05 -0.00021092 4.27416e-06 -0.000128691 4.30558e-05 -7.9996e-06
internal_weight=614 565 528 94 434 98 336 63
internal_count=614 565 528 94 434 98 336 63
is_linear=0
shrinkage=0.2


Tree=124
num_leaves=11
num_cat=0
split_feature=0 3 0 3 0 0 3 10 10 0
split_gain=0.000123714 0.000478768 0.000355877 0.000619077 3.58076e-05 0.000109447 1.3976e-05 0.000111461 6.53478e-05 2.36569e-06
threshold=0.74353648615397361 -1.383314525855508 1.6928635863796766 1.0000000180025095e-35 -1.0601850042748606 -1.2500504243200012 1.0000000180025095e-35 1.0000000180025095e-35 1.0000000180025095e-35 1.1232673262442552
decision_type=2 2 2 2 2 2 2 2 2 2
left_child=1 -1 3 -2 5 -3 7 -6 -8 -5
right_child=2 4 -4 9 6 -7 8 -9 -10 -11
leaf_value=-0.00081014742609113459 0.0010242979902859834 9.9947345534376065e-05 -0.00028296448324500507 -4.5775758823560128e-05 0.00021144670856301673 -0.00032312168883397543 -5.1581984504894227e-05 -0.00026521758778611773 0.00020157205301143651 3.1745886190037709e-05
leaf_weight=31 37 51 49 31 80 47 177 26 53 32
leaf_count=31 37 51 49 31 80 47 177 26 53 32
internal_value=-3.60065e-12 -5.08185e-05 0.000158595 0.000374958 3.41931e-06 -0.000102953 3.44446e-05 9.45291e-05 6.75351e-06 -6.39969e-06
internal_weight=614 465 149 100 434 98 336 106 230 63
internal_count=614 465 149 100 434 98 336 106 230 63
is_linear=0
shrinkage=0.2


Tree=125
num_leaves=12
num_cat=0
split_feature=1 3 1 3 0 0 3 3 0 0 0
split_gain=0.00014319 0.0011726 0.000575891 0.000521726 0.000248962 0.000122482 0.000253341 8.45339e-05 5.26265e-05 3.52662e-05 2.36002e-05
threshold=1.0000000180025095e-35 -1.383314525855508 0.84134494906376878 1.0000000180025095e-35 1.6928635863796766 0.74353648615397361 1.0000000180025095e-35 1.0000000180025095e-35 1.0000000180025095e-35 -0.11085790404915845 -0.34818967910558424
decision_type=2 2 2 2 2 2 2 2 2 2 2
left_child=1 -1 3 -2 5 10 -7 -4 -5 -9 -3
right_child=2 4 7 8 -6 6 -8 9 -10 -11 -12
leaf_value=-0.0013957295343279838 0.0010747153673799255 -1.6092220659214605e-05 -0.00041182827914044968 0.00032433313162376484 0.00045444535343963454 -0.00070350563844605806 -5.119754600205592e-06 -0.00019280173437437044 -3.9097987909746523e-05 0.00010650993865584174 0.00011188525507137418
leaf_weight=25 37 149 42 30 46 31 63 32 34 31 94
leaf_count=25 37 149 42 30 46 31 63 32 34 31 94
internal_value=-4.08117e-12 -6.86287e-05 0.000135925 0.000476882 1.79967e-05 -4.15779e-05 -0.000235439 -0.000192044 0.00013126 -4.55214e-05 3.34135e-05
internal_weight=614 408 206 101 383 337 94 105 64 63 243
internal_count=614 408 206 101 383 337 94 105 64 63 243
is_linear=0
shrinkage=0.2


Tree=126
num_leaves=8
num_cat=0
split_feature=0 3 3 1 1 0 10
split_gain=0.000115541 0.000941684 6.62083e-05 0.000263627 0.000442533 2.27574e-05 6.43184e-05
threshold=1.6928635863796766 -1.383314525855508 1.0000000180025095e-35 0.84134494906376878 1.0000000180025095e-35 -1.2500504243200012 1.0000000180025095e-35
decision_type=2 2 2 2 2 2 2
left_child=1 -1 3 4 -3 -4 -7
right_child=-2 2 5 -5 -6 6 -8
leaf_value=0.0010009314676092283 -0.00029460544702691996 -8.3853785293561269e-05 -0.00015424134326167405 0.00034598613157868388 -0.00096293685813273854 -2.7353594806499597e-05 0.00018209905322798373
leaf_weight=37 49 109 32 35 29 246 77
leaf_count=37 49 109 32 35 29 246 77
internal_value=5.07184e-13 2.55499e-05 -4.28008e-05 -0.000144253 -0.000268589 6.63921e-06 2.25778e-05
internal_weight=614 565 528 173 138 355 323
internal_count=614 565 528 173 138 355 323
is_linear=0
shrinkage=0.2


Tree=127
num_leaves=9
num_cat=0
split_feature=0 3 0 3 0 0 12 3
split_gain=0.000122356 0.000395976 0.000282491 0.000552963 2.4277e-05 0.000114403 1.42357e-05 1.83515e-06
threshold=0.74353648615397361 -1.383314525855508 1.6928635863796766 1.0000000180025095e-35 -1.2500504243200012 -1.0601850042748606 1.0000000180025095e-35 0.6682678868867189
decision_type=2 2 2 2 2 2 2 2
left_child=1 -1 3 -2 -3 -6 -7 -5
right_child=2 4 -4 7 5 6 -8 -9
leaf_value=-0.00074109943497235019 0.0009641785024369538 0.00012841425543906645 -0.00023568438451288139 -4.2475008045915858e-05 -0.00031073476073946405 -1.360230147376627e-06 9.3710904981153799e-05 2.5871869875118141e-05
leaf_weight=31 37 51 49 33 47 252 84 30
leaf_count=31 37 51 49 33 47 252 84 30
internal_value=-9.94223e-13 -5.05388e-05 0.000157722 0.000350491 -1.21306e-06 -1.84741e-05 2.24076e-05 -9.92888e-06
internal_weight=614 465 149 100 434 383 336 63
internal_count=614 465 149 100 434 383 336 63
is_linear=0
shrinkage=0.2


Tree=128
num_leaves=12
num_cat=0
split_feature=1 3 1 3 0 0 3 3 0 3 3
split_gain=0.000128955 0.000905673 0.00053206 0.000474056 0.000274889 0.000126989 0.000277499 8.69197e-05 5.09898e-05 2.86757e-05 2.53241e-05
threshold=1.0000000180025095e-35 -1.383314525855508 0.84134494906376878 1.0000000180025095e-35 1.6928635863796766 0.74353648615397361 1.0000000180025095e-35 1.0000000180025095e-35 1.0000000180025095e-35 0.6682678868867189 1.0000000180025095e-35
decision_type=2 2 2 2 2 2 2 2 2 2 2
left_child=1 -1 3 -2 5 10 -7 -4 -5 -9 -3
right_child=2 4 7 8 -6 6 -8 9 -10 -11 -12
leaf_value=-0.0012314403902273627 0.0010265837126172375 0.00011866581350123175 -0.00040911370666608921 0.00031730974869181714 0.00046961425668205661 -0.00073886947601192428 -7.9431204265722686e-06 9.9418038922932845e-05 -4.0425395469783867e-05 -0.00017048087320290506 -1.9630471519617872e-05
leaf_weight=25 37 78 42 30 46 31 63 31 34 32 165
leaf_count=25 37 78 42 30 46 31 63 31 34 32 165
internal_value=5.41786e-12 -6.5128e-05 0.000128991 0.000456717 1.10021e-05 -5.15978e-05 -0.000248993 -0.00018625 0.000127263 -3.76735e-05 2.47609e-05
internal_weight=614 408 206 101 383 337 94 105 64 63 243
internal_count=614 408 206 101 383 337 94 105 64 63 243
is_linear=0
shrinkage=0.2


Tree=129
num_leaves=11
num_cat=0
split_feature=0 0 3 0 3 3 3 1 0 0
split_gain=0.000101249 0.000299557 0.000516504 0.000253714 0.000163891 0.000159777 6.68032e-05 0.00028906 2.75354e-05 1.39177e-06
threshold=0.74353648615397361 1.6928635863796766 1.0000000180025095e-35 0.41127200107497791 -1.383314525855508 1.0000000180025095e-35 1.0000000180025095e-35 0.84134494906376878 -1.2500504243200012 1.1232673262442552
decision_type=2 2 2 2 2 2 2 2 2 2
left_child=3 2 -2 4 -1 -5 7 -6 -8 -4
right_child=1 -3 9 5 6 -7 8 -9 -10 -11
leaf_value=0.00048334219070427398 0.00093509202250405341 -0.00026164112297214604 -3.6556631957571356e-05 -0.00090392625170352412 -0.00033370326511410913 -0.0001875306691297076 -0.00014196962729329243 0.00034262085200420446 5.6200178923692544e-05 2.2903863828105388e-05
leaf_weight=27 37 49 31 20 91 33 32 35 227 32
leaf_count=27 37 49 31 20 91 33 32 35 227 32
internal_value=8.35432e-12 0.000143474 0.000341981 -4.59734e-05 7.01307e-06 -0.000457869 -2.63918e-05 -0.000145835 3.17159e-05 -6.35448e-06
internal_weight=614 149 100 465 412 53 385 126 259 63
internal_count=614 149 100 465 412 53 385 126 259 63
is_linear=0
shrinkage=0.2


Tree=130
num_leaves=9
num_cat=0
split_feature=1 3 0 3 1 3 0 3
split_gain=9.47163e-05 0.000714432 0.000263236 0.00016201 0.000353313 9.06173e-05 5.19515e-05 1.84613e-05
threshold=0.84134494906376878 -1.383314525855508 1.6928635863796766 1.0000000180025095e-35 1.0000000180025095e-35 1.0000000180025095e-35 -0.82285322921843529 0.6682678868867189
decision_type=2 2 2 2 2 2 2 2
left_child=1 -1 3 4 -3 -2 -5 -7
right_child=5 2 -4 6 -6 7 -8 -9
leaf_value=0.00093558532376350327 -0.00040050584578975334 -8.8865148414080163e-05 0.00042801962721094483 0.00016987437968112766 -0.00087434898114538407 8.8750634102090716e-05 -3.5209844105441822e-05 -0.00012780781398760154
leaf_weight=33 42 109 46 63 29 31 229 32
leaf_count=33 42 109 46 63 29 31 229 32
internal_value=4.25359e-12 3.56775e-05 -2.67111e-05 -7.53567e-05 -0.000253931 -0.000172951 9.03778e-06 -2.12473e-05
internal_weight=614 509 476 430 138 105 292 63
internal_count=614 509 476 430 138 105 292 63
is_linear=0
shrinkage=0.2


Tree=131
num_leaves=8
num_cat=0
split_feature=0 3 0 3 0 1 3
split_gain=0.000120717 0.00058258 0.00014064 0.000301832 3.62533e-05 4.40726e-05 1.21509e-06
threshold=1.6928635863796766 -1.383314525855508 0.74353648615397361 1.0000000180025095e-35 0.41127200107497791 0.84134494906376878 0.6682678868867189
decision_type=2 2 2 2 2 2 2
left_child=1 -1 4 -4 5 -3 -5
right_child=-2 2 3 6 -6 -7 -8
leaf_value=0.00079330038027586162 -0.00030113188407326842 -3.9770639746435494e-05 -0.00076034093546050211 -2.4524673636099607e-05 0.00018242148359363177 0.0001155720500997743 3.1089793968324863e-05
leaf_weight=37 49 287 31 33 49 98 30
leaf_count=37 49 287 31 33 49 98 30
internal_value=3.80951e-12 2.61159e-05 -2.76452e-05 -0.000249438 2.03929e-05 -2.28864e-07 1.95841e-06
internal_weight=614 565 528 94 434 385 63
internal_count=614 565 528 94 434 385 63
is_linear=0
shrinkage=0.2


Tree=132
num_leaves=10
num_cat=0
split_feature=1 1 3 3 0 0 3 0 0
split_gain=9.20633e-05 0.000401491 0.00113829 0.000408541 0.000179405 0.000106916 6.6953e-05 2.39497e-05 1.39626e-05
threshold=0.84134494906376878 1.0000000180025095e-35 -1.383314525855508 1.0000000180025095e-35 1.6928635863796766 0.74353648615397361 1.0000000180025095e-35 1.0000000180025095e-35 -0.11085790404915845
decision_type=2 2 2 2 2 2 2 2 2
left_child=1 2 -1 -3 5 -4 -2 -5 -8
right_child=6 3 4 7 -6 -7 8 -9 -10
leaf_value=-0.0013607433978468182 -0.00036611007304773448 0.00092120772071113514 5.1638105534589107e-05 0.00021658697941650949 0.00040264206580341918 -0.0001995505870349626 -0.00013278442929731682 -2.8584265109042039e-05 5.5549398905807928e-05
leaf_weight=25 42 37 243 30 46 94 32 34 31
leaf_count=25 42 37 243 30 46 94 32 34 31
internal_value=-1.44299e-11 3.51742e-05 -5.32028e-05 0.000392182 3.21458e-05 -1.84264e-05 -0.000170511 8.63398e-05 -4.01122e-05
internal_weight=614 509 408 101 383 337 105 64 63
internal_count=614 509 408 101 383 337 105 64 63
is_linear=0
shrinkage=0.2


Tree=133
num_leaves=8
num_cat=0
split_feature=0 3 1 0 3 0 3
split_gain=0.000119685 0.000548596 6.76262e-05 0.000144382 0.000107123 6.09564e-05 1.18982e-05
threshold=1.6928635863796766 -1.383314525855508 0.84134494906376878 -1.0601850042748606 1.0000000180025095e-35 0.74353648615397361 0.6682678868867189
decision_type=2 2 2 2 2 2 2
left_child=1 -1 3 -3 -4 -5 -6
right_child=-2 2 4 5 6 -7 -8
leaf_value=0.00077047535522413804 -0.00029984146750969244 -0.00039116436655217034 0.00040430545141654362 2.576657549372776e-05 5.6217154187540862e-05 -0.0001596404562464004 -0.00011763714574044571
leaf_weight=37 49 47 35 289 31 94 32
leaf_count=37 49 47 35 289 31 94 32
internal_value=3.83321e-12 2.6004e-05 -2.61654e-05 -6.03358e-05 0.000123766 -1.9738e-05 -3.20898e-05
internal_weight=614 565 528 430 98 383 63
internal_count=614 565 528 430 98 383 63
is_linear=0
shrinkage=0.2


Tree=134
num_leaves=9
num_cat=0
split_feature=0 3 0 3 0 0 3 0
split_gain=0.000157646 0.000577359 0.000320292 0.000411412 3.45382e-05 0.000116193 3.69096e-05 9.23788e-07
threshold=0.74353648615397361 -1.383314525855508 1.6928635863796766 1.0000000180025095e-35 -1.2500504243200012 -1.0601850042748606 1.0000000180025095e-35 1.1232673262442552
decision_type=2 2 2 2 2 2 2 2
left_child=1 -1 3 -2 -3 -6 -7 -5
right_child=2 4 -4 7 5 6 -8 -9
leaf_value=-0.0008912208696616995 0.00091363364221792474 0.0001568092562842603 -0.00023987317502044845 4.8798960708682579e-05 -0.00031293147005774876 0.00012045005956370348 -2.2193564522161109e-05 9.7241919615953523e-05
leaf_weight=31 37 51 49 31 47 106 230 32
leaf_count=31 37 51 49 31 47 106 230 32
internal_value=1.44571e-12 -5.7366e-05 0.000179028 0.00038429 2.19511e-06 -1.83932e-05 2.28071e-05 7.34049e-05
internal_weight=614 465 149 100 434 383 336 63
internal_count=614 465 149 100 434 383 336 63
is_linear=0
shrinkage=0.2


Tree=135
num_leaves=11
num_cat=0
split_feature=0 3 0 11 13 0 3 0 0 10
split_gain=0.000100894 0.00036951 0.000204987 0.000320106 0.000109112 2.21044e-05 8.3262e-05 0.000630148 0.00022453 1.66036e-05
threshold=0.74353648615397361 -1.383314525855508 1.6928635863796766 1.0000000180025095e-35 1.0000000180025095e-35 -1.2500504243200012 0.6682678868867189 -1.0601850042748606 -0.82285322921843529 1.0000000180025095e-35
decision_type=2 2 2 2 2 2 2 2 2 2
left_child=1 -1 3 4 9 -3 7 -7 -8 -2
right_child=2 5 -4 -5 -6 6 8 -9 -10 -11
leaf_value=-0.0007129767100841198 0.00013569297631571924 0.00012544742146251248 -0.0001918985091499647 0.00089580954647519519 -0.00027070471146346434 -0.00089711706598543316 0.00056531833913388925 4.1237768359510313e-05 -3.5580924059734636e-05 0.00036638002896394872
leaf_weight=31 24 51 49 27 23 33 33 216 101 26
leaf_count=31 24 51 49 27 23 33 33 216 101 26
internal_value=2.86476e-12 -4.58928e-05 0.000143222 0.000307432 8.98124e-05 1.75609e-06 -1.47146e-05 -8.31225e-05 0.000112402 0.00025565
internal_weight=614 465 149 100 73 434 383 249 134 50
internal_count=614 465 149 100 73 434 383 249 134 50
is_linear=0
shrinkage=0.2


Tree=136
num_leaves=10
num_cat=0
split_feature=0 3 0 0 0 3 3 3 3
split_gain=0.000148854 0.000389521 0.000316267 0.000278836 0.000130739 0.000317943 8.60199e-05 2.44204e-05 2.97721e-06
threshold=-1.0601850042748606 -1.383314525855508 -1.2500504243200012 1.6928635863796766 0.74353648615397361 1.0000000180025095e-35 1.0000000180025095e-35 1.0000000180025095e-35 1.0000000180025095e-35
decision_type=2 2 2 2 2 2 2 2 2
left_child=2 -2 8 4 7 -6 -4 -3 -1
right_child=1 3 6 -5 5 -7 -8 -9 -10
leaf_value=-6.2200874495117563e-05 -0.00072043146428768523 8.8112492098929896e-05 0.00088478764075608474 0.00046843628616720118 -0.00078250036927901459 -1.212750876653618e-07 0.00035701824895416698 -2.7914433338320008e-05 -0.00015653685695724562
leaf_weight=23 32 106 21 46 31 63 30 230 32
leaf_count=23 32 106 21 46 31 63 30 230 32
internal_value=5.55614e-12 -4.49828e-05 0.000215578 4.25466e-07 -4.96408e-05 -0.00025814 0.000574335 8.6893e-06 -0.000117087
internal_weight=614 508 106 476 430 94 51 336 55
internal_count=614 508 106 476 430 94 51 336 55
is_linear=0
shrinkage=0.2


Tree=137
num_leaves=10
num_cat=0
split_feature=0 3 0 0 0 3 3 0 3
split_gain=9.52665e-05 0.000249294 0.000202411 0.000178455 8.3673e-05 0.000203483 5.50527e-05 1.85455e-05 1.90541e-06
threshold=-1.0601850042748606 -1.383314525855508 -1.2500504243200012 1.6928635863796766 0.74353648615397361 1.0000000180025095e-35 1.0000000180025095e-35 0.41127200107497791 1.0000000180025095e-35
decision_type=2 2 2 2 2 2 2 2 2
left_child=2 -2 8 4 7 -6 -4 -3 -1
right_child=1 3 6 -5 5 -7 -8 -9 -10
leaf_value=-4.9760708909319794e-05 -0.00057634515833342452 -1.2463568058757288e-05 0.00070783016964837565 0.00037474902723181957 -0.00062600031697882278 -9.6994733847543748e-08 0.00028561457060277462 0.00012066780437468267 -0.00012522946926765143
leaf_weight=23 32 287 21 46 31 63 30 49 32
leaf_count=23 32 287 21 46 31 63 30 49 32
internal_value=-9.24863e-13 -3.59863e-05 0.000172463 3.40364e-07 -3.97127e-05 -0.000206512 0.000459468 6.95142e-06 -9.36698e-05
internal_weight=614 508 106 476 430 94 51 336 55
internal_count=614 508 106 476 430 94 51 336 55
is_linear=0
shrinkage=0.2


Tree=138
num_leaves=9
num_cat=0
split_feature=0 3 1 3 1 3 0 0
split_gain=0.0001166 0.000966681 5.2474e-05 0.000117209 0.00041322 5.16344e-05 4.43692e-05 1.0526e-05
threshold=1.6928635863796766 -1.383314525855508 0.84134494906376878 1.0000000180025095e-35 1.0000000180025095e-35 1.0000000180025095e-35 -1.0601850042748606 -0.11085790404915845
decision_type=2 2 2 2 2 2 2 2
left_child=1 -1 3 4 -3 -4 -5 -7
right_child=-2 2 5 6 -6 7 -8 -9
leaf_value=0.001013909125577885 -0.00029595226859578829 -4.7062942784903319e-05 0.00028325583253587997 0.00022849166106122238 -0.00089653297969750293 -0.00010018358734669164 -2.8282409957613407e-05 6.3338761608446796e-05
leaf_weight=37 49 109 35 30 29 32 262 31
leaf_count=37 49 109 35 30 29 32 262 31
internal_value=-2.13865e-12 2.56667e-05 -4.35852e-05 -7.3685e-05 -0.000225575 8.84855e-05 -1.90151e-06 -1.97202e-05
internal_weight=614 565 528 430 138 98 292 63
internal_count=614 565 528 430 138 98 292 63
is_linear=0
shrinkage=0.2


Tree=139
num_leaves=9
num_cat=0
split_feature=0 0 3 3 0 0 3 0
split_gain=0.000114325 0.000276511 0.00048515 0.000269874 2.98163e-05 0.000114471 2.12015e-05 1.53368e-06
threshold=0.74353648615397361 1.6928635863796766 1.0000000180025095e-35 -1.383314525855508 -1.2500504243200012 -1.0601850042748606 1.0000000180025095e-35 1.1232673262442552
decision_type=2 2 2 2 2 2 2 2
left_child=3 2 -2 -1 -5 -6 -7 -4
right_child=1 -3 7 4 5 6 -8 -9
leaf_value=-0.00061894876341665956 0.00091800286567917831 -0.00023676183155490734 -2.6125690572136535e-05 0.00013552579170494688 -0.00031960803654386682 8.763763015729569e-05 -2.0472442126407737e-05 3.6292661479819803e-05
leaf_weight=31 37 49 31 51 47 106 230 32
leaf_count=31 37 49 31 51 47 106 230 32
internal_value=-3.02177e-12 0.000152458 0.000343176 -4.88521e-05 -8.13096e-06 -2.72602e-05 1.36337e-05 5.57887e-06
internal_weight=614 149 100 465 434 383 336 63
internal_count=614 149 100 465 434 383 336 63
is_linear=0
shrinkage=0.2


Tree=140
num_leaves=9
num_cat=0
split_feature=1 3 0 3 0 3 0 0
split_gain=0.000109983 0.000656902 0.000232893 0.00012703 0.000254584 9.9343e-05 4.77938e-05 1.03332e-05
threshold=0.84134494906376878 -1.383314525855508 1.6928635863796766 1.0000000180025095e-35 -0.82285322921843529 1.0000000180025095e-35 -1.0601850042748606 -0.11085790404915845
decision_type=2 2 2 2 2 2 2 2
left_child=1 -1 3 4 -3 -2 -5 -7
right_child=5 2 -4 6 -6 7 -8 -9
leaf_value=0.00090136001112334652 -0.00042462766591814301 -0.00070981546763725805 0.00040634204934062639 0.00024671492904114229 -7.297112553801743e-05 -0.00010725206666393206 -1.9784284347245286e-05 5.4765473149957197e-05
leaf_weight=33 42 33 46 30 105 32 262 31
leaf_count=33 42 33 46 30 105 32 262 31
internal_value=4.82299e-12 3.84454e-05 -2.13785e-05 -6.71347e-05 -0.00022526 -0.000186369 7.59577e-06 -2.75292e-05
internal_weight=614 509 476 430 138 105 292 63
internal_count=614 509 476 430 138 105 292 63
is_linear=0
shrinkage=0.2


Tree=141
num_leaves=10
num_cat=0
split_feature=0 3 0 0 3 0 3 3 3
split_gain=0.000110726 0.000414683 0.000180999 0.000127939 0.00012309 0.000104368 0.000232341 3.01756e-05 7.70501e-07
threshold=-1.0601850042748606 -1.383314525855508 -1.2500504243200012 1.6928635863796766 1.0000000180025095e-35 0.74353648615397361 1.0000000180025095e-35 1.0000000180025095e-35 1.0000000180025095e-35
decision_type=2 2 2 2 2 2 2 2 2
left_child=2 -2 8 5 -4 7 -7 -3 -1
right_child=1 3 4 -5 -6 6 -8 -9 -10
leaf_value=-3.7810783428342448e-05 -0.00073571975954109812 0.00011454586478890324 0.00082870203297629591 0.000325073637118887 0.00019737193671365578 -0.00066039397854418048 8.4199595481290354e-06 -1.4430720962675129e-05 -8.5801690875086944e-05
leaf_weight=23 32 106 21 46 30 31 63 230 32
leaf_count=23 32 106 21 46 30 31 63 230 32
internal_value=-1.03712e-11 -3.87965e-05 0.00018593 8.05552e-06 0.000457331 -2.5858e-05 -0.000212146 2.62583e-05 -6.57328e-05
internal_weight=614 508 106 476 51 430 94 336 55
internal_count=614 508 106 476 51 430 94 336 55
is_linear=0
shrinkage=0.2


Tree=142
num_leaves=8
num_cat=0
split_feature=0 3 0 3 0 0 3
split_gain=0.000143889 0.000673185 5.6388e-05 0.000148698 3.97949e-05 0.000120557 1.34474e-06
threshold=1.6928635863796766 -1.383314525855508 0.74353648615397361 1.0000000180025095e-35 -1.2500504243200012 -1.0601850042748606 0.6682678868867189
decision_type=2 2 2 2 2 2 2
left_child=1 -1 4 -4 -3 -6 -5
right_child=-2 2 3 6 5 -7 -8
leaf_value=0.00085319922576230524 -0.00032876473637677883 0.0001671032304419022 -0.00052831519006436031 -2.1124137327371337e-05 -0.00032097867137673218 2.1006672973488183e-05 3.7382049777079379e-05
leaf_weight=37 49 51 31 33 47 336 30
leaf_count=37 49 51 31 33 47 336 30
internal_value=4.32765e-12 2.85123e-05 -2.92782e-05 -0.000169717 1.13942e-06 -2.09602e-05 6.73595e-06
internal_weight=614 565 528 94 434 383 63
internal_count=614 565 528 94 434 383 63
is_linear=0
shrinkage=0.2


Tree=143
num_leaves=9
num_cat=0
split_feature=0 3 0 3 0 0 3 0
split_gain=9.98041e-05 0.000352752 0.000300065 0.000479808 2.54688e-05 7.71566e-05 1.93124e-05 1.01806e-06
threshold=0.74353648615397361 -1.383314525855508 1.6928635863796766 1.0000000180025095e-35 -1.2500504243200012 -1.0601850042748606 1.0000000180025095e-35 1.1232673262442552
decision_type=2 2 2 2 2 2 2 2
left_child=1 -1 3 -2 -3 -6 -7 -5
right_child=2 4 -4 7 5 6 -8 -9
leaf_value=-0.00069742633645693145 0.00091277550146096975 0.00013368255458772184 -0.00026301177591560602 -2.044217309899508e-05 -0.00025678294276734417 8.7435345493810568e-05 -1.5745873862887612e-05 3.0412491469178349e-05
leaf_weight=31 37 51 49 31 47 106 230 32
leaf_count=31 37 51 49 31 47 106 230 32
internal_value=1.18501e-13 -4.56443e-05 0.000142447 0.000341122 9.11538e-07 -1.67682e-05 1.68053e-05 5.38877e-06
internal_weight=614 465 149 100 434 383 336 63
internal_count=614 465 149 100 434 383 336 63
is_linear=0
shrinkage=0.2


Tree=144
num_leaves=9
num_cat=0
split_feature=1 3 0 3 0 3 0 0
split_gain=9.75902e-05 0.000454763 0.000195593 0.000110661 0.000184275 6.92263e-05 5.61554e-05 1.19792e-05
threshold=0.84134494906376878 -1.383314525855508 1.6928635863796766 1.0000000180025095e-35 -0.82285322921843529 1.0000000180025095e-35 -1.0601850042748606 -0.11085790404915845
decision_type=2 2 2 2 2 2 2 2
left_child=1 -1 3 4 -3 -2 -5 -7
right_child=5 2 -4 6 -6 7 -8 -9
leaf_value=0.00075419096480772814 -0.00037444660307041241 -0.00061532990181479945 0.00037841421484620738 0.00027344989512736599 -7.3514366792681231e-05 -0.00012879846181022004 -1.5422476633635835e-05 4.5646368075282347e-05
leaf_weight=33 42 33 46 30 105 32 262 31
leaf_count=33 42 33 46 30 105 32 262 31
internal_value=-3.70078e-12 3.62147e-05 -1.3561e-05 -5.54932e-05 -0.000203079 -0.000175555 1.42562e-05 -4.29605e-05
internal_weight=614 509 476 430 138 105 292 63
internal_count=614 509 476 430 138 105 292 63
is_linear=0
shrinkage=0.2


Tree=145
num_leaves=12
num_cat=0
split_feature=1 3 1 3 0 0 3 3 3 0 0
split_gain=0.00011975 0.000876121 0.000375263 0.000381721 0.000110383 8.57768e-05 0.000185683 4.43048e-05 4.34498e-05 1.86249e-05 7.66668e-06
threshold=1.0000000180025095e-35 -1.383314525855508 0.84134494906376878 1.0000000180025095e-35 1.6928635863796766 0.74353648615397361 1.0000000180025095e-35 1.0000000180025095e-35 1.0000000180025095e-35 1.0000000180025095e-35 -0.11085790404915845
decision_type=2 2 2 2 2 2 2 2 2 2 2
left_child=1 -1 3 -2 5 8 -7 -4 -3 -5 -9
right_child=2 4 7 9 -6 6 -8 10 -10 -11 -12
leaf_value=-0.0012098872810602189 0.00091089958834738758 0.00015820844665330908 -0.00029955729620442507 0.00021875988536824783 0.00030273137976030782 -0.00059050438444941278 7.3955211851243223e-06 -0.00010303874296369031 -2.2941305726293873e-05 2.5542019797927319e-06 3.6517101069611891e-05
leaf_weight=25 37 78 42 30 46 31 63 32 165 34 31
leaf_count=25 37 78 42 30 46 31 63 32 165 34 31
internal_value=-8.35787e-12 -6.27606e-05 0.000124302 0.000399534 1.21172e-05 -2.75513e-05 -0.000189784 -0.000140444 3.52055e-05 0.000103901 -3.43684e-05
internal_weight=614 408 206 101 383 337 94 105 243 64 63
internal_count=614 408 206 101 383 337 94 105 243 64 63
is_linear=0
shrinkage=0.2


Tree=146
num_leaves=7
num_cat=0
split_feature=0 3 0 3 0 0
split_gain=0.00014737 0.000554781 6.21603e-05 9.55118e-05 0.000474211 0.0001277
threshold=1.6928635863796766 -1.383314525855508 -1.2500504243200012 0.6682678868867189 -1.0601850042748606 1.0000000180025095e-35
decision_type=2 2 2 2 2 2
left_child=1 -1 -3 4 -4 -5
right_child=-2 2 3 5 -6 -7
leaf_value=0.00077751172231384431 -0.00033271804770302715 0.00018625921414544186 -0.00082790416750922857 0.00021877803175448206 -2.6314634887967258e-05 -0.00014301305573098945
leaf_weight=37 49 51 33 100 280 64
leaf_count=37 49 51 33 100 280 64
internal_value=2.64139e-12 2.88552e-05 -2.36075e-05 -4.60461e-05 -0.000110827 7.75913e-05
internal_weight=614 565 528 477 313 164
internal_count=614 565 528 477 313 164
is_linear=0
shrinkage=0.2


Tree=147
num_leaves=10
num_cat=0
split_feature=0 3 0 0 3 0 3 3 3
split_gain=0.000101635 0.000444322 0.000180437 0.000112596 7.74554e-05 4.23228e-05 0.000124424 1.77909e-05 4.14459e-06
threshold=-1.0601850042748606 -1.383314525855508 -1.2500504243200012 1.6928635863796766 1.0000000180025095e-35 0.74353648615397361 1.0000000180025095e-35 1.0000000180025095e-35 1.0000000180025095e-35
decision_type=2 2 2 2 2 2 2 2 2
left_child=2 -2 8 5 -4 7 -7 -3 -1
right_child=1 3 4 -5 -6 6 -8 -9 -10
leaf_value=-8.3782305212124551e-06 -0.00075856909461435862 8.0491105332187565e-05 0.0007437057244325323 0.00030872869474874083 0.00024289842054713517 -0.00046714061876803996 2.2293470701986243e-05 -1.8542271016327584e-05 -0.00011968286853516475
leaf_weight=23 32 106 21 46 30 31 63 230 32
leaf_count=23 32 106 21 46 30 31 63 230 32
internal_value=-8.19375e-12 -3.71697e-05 0.000178134 1.13277e-05 0.000449113 -2.04873e-05 -0.000139116 1.27004e-05 -7.31373e-05
internal_weight=614 508 106 476 51 430 94 336 55
internal_count=614 508 106 476 51 430 94 336 55
is_linear=0
shrinkage=0.2


Tree=148
num_leaves=7
num_cat=0
split_feature=0 3 0 3 0 12
split_gain=0.000131967 0.000481851 4.8951e-05 6.88422e-05 0.000209328 4.59574e-05
threshold=1.6928635863796766 -1.383314525855508 -1.2500504243200012 1.0000000180025095e-35 -0.82285322921843529 1.0000000180025095e-35
decision_type=2 2 2 2 2 2
left_child=1 -1 -3 4 -4 -5
right_child=-2 2 3 5 -6 -7
leaf_value=0.00072502124302617802 -0.00031485121901508195 0.00016465066457349882 -0.00059803411047940969 5.4609699259908527e-05 -2.976455203183419e-05 -0.0001194342180373676
leaf_weight=37 49 51 33 242 121 81
leaf_count=37 49 51 33 242 121 81
internal_value=-1.18619e-12 2.73057e-05 -2.15873e-05 -4.14995e-05 -0.000151537 1.0964e-05
internal_weight=614 565 528 477 154 323
internal_count=614 565 528 477 154 323
is_linear=0
shrinkage=0.2


Tree=149
num_leaves=9
num_cat=0
split_feature=0 3 0 3 0 0 3 3
split_gain=0.000113645 0.000435995 0.00029774 0.000476879 2.39193e-05 6.14454e-05 1.98586e-05 2.08464e-06
threshold=0.74353648615397361 -1.383314525855508 1.6928635863796766 1.0000000180025095e-35 -1.2500504243200012 -1.0601850042748606 1.0000000180025095e-35 0.6682678868867189
decision_type=2 2 2 2 2 2 2 2
left_child=1 -1 3 -2 -3 -6 -7 -5
right_child=2 4 -4 7 5 6 -8 -9
leaf_value=-0.00077332364725730116 0.0009198139015958028 0.00013172054827651557 -0.00025188095810614071 -1.948729226238687e-05 -0.00022827015045356563 8.7501107857020069e-05 -1.7129205991058492e-05 5.3357381172342385e-05
leaf_weight=31 37 51 49 33 47 106 230 30
leaf_count=31 37 51 49 33 47 106 230 30
internal_value=9.90727e-12 -4.87066e-05 0.000152004 0.000349908 3.05173e-06 -1.40817e-05 1.58792e-05 1.52006e-05
internal_weight=614 465 149 100 434 383 336 63
internal_count=614 465 149 100 434 383 336 63
is_linear=0
shrinkage=0.2


Tree=150
num_leaves=9
num_cat=0
split_feature=1 3 0 3 1 0 3 0
split_gain=8.56097e-05 0.000368247 0.000175411 9.72088e-05 0.000196923 4.22047e-05 3.4283e-05 1.14456e-05
threshold=0.84134494906376878 -1.383314525855508 1.6928635863796766 1.0000000180025095e-35 1.0000000180025095e-35 -1.0601850042748606 1.0000000180025095e-35 -0.11085790404915845
decision_type=2 2 2 2 2 2 2 2
left_child=1 -1 3 4 -3 -5 -2 -8
right_child=6 2 -4 5 -6 -7 7 -9
leaf_value=0.00068000073378877437 -0.00030439174734055998 -6.567493780385788e-05 0.0003603294053312351 0.00023949343264879038 -0.00065209093977343932 -1.0938945781565735e-05 -0.00015502057649428025 1.5494834271169479e-05
leaf_weight=33 42 109 46 30 29 262 32 31
leaf_count=33 42 109 46 30 29 262 32 31
internal_value=-2.2847e-12 3.3919e-05 -1.08724e-05 -5.05823e-05 -0.000188907 1.47904e-05 -0.000164426 -7.11162e-05
internal_weight=614 509 476 430 138 292 105 63
internal_count=614 509 476 430 138 292 105 63
is_linear=0
shrinkage=0.2


Tree=151
num_leaves=12
num_cat=0
split_feature=1 3 1 3 0 0 3 3 3 0 3
split_gain=0.000106685 0.000777999 0.000331596 0.000323398 0.00010024 6.52747e-05 0.000158805 3.62607e-05 2.19411e-05 1.0848e-05 9.7397e-06
threshold=1.0000000180025095e-35 -1.383314525855508 0.84134494906376878 1.0000000180025095e-35 1.6928635863796766 0.74353648615397361 1.0000000180025095e-35 1.0000000180025095e-35 1.0000000180025095e-35 1.0000000180025095e-35 0.6682678868867189
decision_type=2 2 2 2 2 2 2 2 2 2 2
left_child=1 -1 3 -2 5 7 -7 -3 -4 -5 -10
right_child=2 4 8 9 -6 6 -8 -9 10 -11 -12
leaf_value=-0.0011402208004146813 0.00084673055145587485 0.00014063273724437191 -0.00024351339421368074 0.00019159479008521886 0.0002882635200639134 -0.00053858732027302109 1.4348326104005711e-05 -2.4853447490992646e-05 2.3003392702629492e-05 2.6590405340196898e-05 -0.00013429244136204944
leaf_weight=25 37 78 42 30 46 31 63 165 31 34 32
leaf_count=25 37 78 42 30 46 31 63 165 31 34 32
internal_value=1.07149e-11 -5.92381e-05 0.000117326 0.000376049 1.13222e-05 -2.64799e-05 -0.000168003 2.82656e-05 -0.000131541 0.000103936 -5.68929e-05
internal_weight=614 408 206 101 383 337 94 243 105 64 63
internal_count=614 408 206 101 383 337 94 243 105 64 63
is_linear=0
shrinkage=0.2


Tree=152
num_leaves=9
num_cat=0
split_feature=0 3 1 3 3 1 0 0
split_gain=0.000134321 0.000433338 5.93526e-05 0.000123221 8.26971e-05 0.000241189 1.7287e-05 7.37977e-06
threshold=1.6928635863796766 -1.383314525855508 0.84134494906376878 1.0000000180025095e-35 1.0000000180025095e-35 1.0000000180025095e-35 -1.0601850042748606 -0.11085790404915845
decision_type=2 2 2 2 2 2 2 2
left_child=1 -1 4 -4 5 -3 -6 -5
right_child=-2 2 3 7 6 -7 -8 -9
leaf_value=0.00068920868050898561 -0.00031764605438944942 -4.2031926974115378e-05 0.00042252387651907548 -0.00011288750974927098 0.00015327581708940368 -0.00069101882520420808 -7.0009355626903473e-06 2.403219320601033e-05
leaf_weight=37 49 109 35 32 30 29 262 31
leaf_count=37 49 109 35 32 30 29 262 31
internal_value=2.10665e-12 2.75481e-05 -1.88183e-05 0.000121642 -5.08302e-05 -0.000178413 9.46585e-06 -4.55143e-05
internal_weight=614 565 528 98 430 138 292 63
internal_count=614 565 528 98 430 138 292 63
is_linear=0
shrinkage=0.2


Tree=153
num_leaves=7
num_cat=0
split_feature=0 3 0 3 0 10
split_gain=8.59653e-05 0.000277336 4.09678e-05 5.2288e-05 0.000309783 9.3849e-05
threshold=1.6928635863796766 -1.383314525855508 -1.2500504243200012 0.6682678868867189 -1.0601850042748606 1.0000000180025095e-35
decision_type=2 2 2 2 2 2
left_child=1 -1 -3 4 -4 -5
right_child=-2 2 3 5 -6 -7
leaf_value=0.0005513669369188515 -0.00025411686023735268 0.0001553212621194475 -0.00066077664960175755 -2.7721254955101743e-05 -1.2895573722094664e-05 0.0003245895661530085
leaf_weight=37 49 51 33 124 280 40
leaf_count=37 49 51 33 124 280 40
internal_value=-1.32979e-11 2.20384e-05 -1.50547e-05 -3.32709e-05 -8.12025e-05 5.82082e-05
internal_weight=614 565 528 477 313 164
internal_count=614 565 528 477 313 164
is_linear=0
shrinkage=0.2


Tree=154
num_leaves=10
num_cat=0
split_feature=0 3 0 3 0 11 1 1 3
split_gain=9.62596e-05 0.000569962 0.000214974 0.000386315 1.74517e-05 2.4166e-05 0.000185286 7.06895e-05 6.31788e-07
threshold=0.74353648615397361 -1.383314525855508 1.6928635863796766 1.0000000180025095e-35 -1.2500504243200012 1.0000000180025095e-35 -0.85608921980311126 -0.85608921980311126 0.6682678868867189
decision_type=2 2 2 2 2 2 2 2 2
left_child=1 -1 3 -2 -3 7 -7 -6 -5
right_child=2 4 -4 8 5 6 -8 -9 -10
leaf_value=-0.0008733223207415112 0.00082100109264846087 0.00012425699490396417 -0.00020329349547177933 -1.2292424666652963e-05 0.00020530575766579073 -0.00056862986918228373 7.1945664798202981e-05 -2.7094144346771876e-05 2.7809801758849064e-05
leaf_weight=31 37 51 49 33 69 24 73 217 30
leaf_count=31 37 51 49 33 69 24 73 217 30
internal_value=4.253e-12 -4.48265e-05 0.000139895 0.000308057 1.43518e-05 -2.83069e-07 -8.65473e-05 2.89744e-05 6.80387e-06
internal_weight=614 465 149 100 434 383 97 286 63
internal_count=614 465 149 100 434 383 97 286 63
is_linear=0
shrinkage=0.2


Tree=155
num_leaves=10
num_cat=0
split_feature=0 3 0 0 3 0 3 3 3
split_gain=8.35016e-05 0.000405109 0.000219505 0.000177119 0.000133669 7.86252e-05 0.000180519 1.67769e-05 1.78499e-06
threshold=-1.0601850042748606 -1.383314525855508 -1.2500504243200012 1.6928635863796766 1.0000000180025095e-35 0.74353648615397361 1.0000000180025095e-35 1.0000000180025095e-35 1.0000000180025095e-35
decision_type=2 2 2 2 2 2 2 2 2
left_child=2 -2 8 5 -4 7 -7 -3 -1
right_child=1 3 4 -5 -6 6 -8 -9 -10
leaf_value=-7.3180661496260899e-05 -0.00072252207746714703 8.3779216755537386e-05 0.00084734144620597369 0.00038562209784172215 0.00018944158063580595 -0.00058408456914607555 5.4430815258196427e-06 -1.2390626855093339e-05 -0.00014622565504396334
leaf_weight=23 32 106 21 46 30 31 63 230 32
leaf_count=23 32 106 21 46 30 31 63 230 32
internal_value=-5.00429e-12 -3.3691e-05 0.000161463 1.26169e-05 0.000460342 -2.72859e-05 -0.000188976 1.79487e-05 -0.00011568
internal_weight=614 508 106 476 51 430 94 336 55
internal_count=614 508 106 476 51 430 94 336 55
is_linear=0
shrinkage=0.2


Tree=156
num_leaves=9
num_cat=0
split_feature=0 3 0 3 0 0 12 0
split_gain=7.16303e-05 0.000272397 0.000219609 0.000348889 2.11411e-05 5.45295e-05 1.45435e-05 5.41981e-07
threshold=0.74353648615397361 -1.383314525855508 1.6928635863796766 1.0000000180025095e-35 -1.2500504243200012 -1.0601850042748606 1.0000000180025095e-35 1.1232673262442552
decision_type=2 2 2 2 2 2 2 2
left_child=1 -1 3 -2 -3 -6 -7 -5
right_child=2 4 -4 7 5 6 -8 -9
leaf_value=-0.00061142329781902057 0.00077810769686727102 0.00012320817685594748 -0.00022619008324204051 -1.4492669593422643e-05 -0.00021564041281693636 -9.6644257057830292e-06 8.6428985447301309e-05 2.2612672637478681e-05
leaf_weight=31 37 51 49 31 47 252 84 32
leaf_count=31 37 51 49 31 47 252 84 32
internal_value=-2.6762e-12 -3.86688e-05 0.000120678 0.000290643 2.24221e-06 -1.38655e-05 1.43589e-05 4.35449e-06
internal_weight=614 465 149 100 434 383 336 63
internal_count=614 465 149 100 434 383 336 63
is_linear=0
shrinkage=0.2


Tree=157
num_leaves=12
num_cat=0
split_feature=1 3 1 3 0 0 3 3 3 0 0
split_gain=7.22857e-05 0.000426037 0.000327549 0.000280084 0.000160362 8.21092e-05 0.000203789 2.99159e-05 2.21988e-05 1.25278e-05 9.89625e-06
threshold=1.0000000180025095e-35 -1.383314525855508 0.84134494906376878 1.0000000180025095e-35 1.6928635863796766 0.74353648615397361 1.0000000180025095e-35 1.0000000180025095e-35 1.0000000180025095e-35 1.0000000180025095e-35 -0.11085790404915845
decision_type=2 2 2 2 2 2 2 2 2 2 2
left_child=1 -1 3 -2 5 8 -7 -4 -3 -5 -9
right_child=2 4 7 9 -6 6 -8 10 -10 -11 -12
leaf_value=-0.00084869338432326915 0.00079174385833981884 0.00010496084319712306 -0.00028151500626422821 0.0001946813335719829 0.00035373569009370049 -0.00062288922002358784 3.4836062926813842e-06 -0.00014162214065436274 -2.4521025153455522e-05 1.7361174104735256e-05 1.6932790317843036e-05
leaf_weight=25 37 78 42 30 46 31 63 32 165 34 31
leaf_count=25 37 78 42 30 46 31 63 32 165 34 31
internal_value=9.04251e-12 -4.87613e-05 9.65758e-05 0.000353715 3.45358e-06 -4.43594e-05 -0.000203086 -0.000150768 1.70411e-05 0.00010048 -6.3603e-05
internal_weight=614 408 206 101 383 337 94 105 243 64 63
internal_count=614 408 206 101 383 337 94 105 243 64 63
is_linear=0
shrinkage=0.2


Tree=158
num_leaves=9
num_cat=0
split_feature=0 3 1 3 1 3 0 3
split_gain=7.47589e-05 0.000619837 4.89301e-05 0.000114994 0.000228623 9.08293e-05 1.84604e-05 6.7953e-06
threshold=1.6928635863796766 -1.383314525855508 0.84134494906376878 1.0000000180025095e-35 1.0000000180025095e-35 1.0000000180025095e-35 -1.0601850042748606 0.6682678868867189
decision_type=2 2 2 2 2 2 2 2
left_child=1 -1 3 4 -3 -4 -5 -7
right_child=-2 2 5 6 -6 7 -8 -9
leaf_value=0.00081188741825974082 -0.00023697557507500967 -8.1633916147230272e-05 0.00035095610788890298 0.00015574505727272483 -0.00071348890076102368 1.5853241746944764e-05 -9.8816201230208377e-06 -0.00011553268122952432
leaf_weight=37 49 109 35 30 29 31 262 32
leaf_count=37 49 109 35 30 29 31 262 32
internal_value=-1.29777e-11 2.05518e-05 -3.49016e-05 -6.39672e-05 -0.000214415 9.26313e-05 7.13482e-06 -5.08825e-05
internal_weight=614 565 528 430 138 98 292 63
internal_count=614 565 528 430 138 98 292 63
is_linear=0
shrinkage=0.2


Tree=159
num_leaves=9
num_cat=0
split_feature=0 3 0 3 0 0 0 3
split_gain=7.54553e-05 0.000253354 0.000179319 0.000316508 1.99985e-05 5.73955e-05 1.06177e-05 4.19218e-07
threshold=0.74353648615397361 -1.383314525855508 1.6928635863796766 1.0000000180025095e-35 -1.2500504243200012 -1.0601850042748606 0.41127200107497791 0.6682678868867189
decision_type=2 2 2 2 2 2 2 2
left_child=1 -1 3 -2 -3 -6 -7 -5
right_child=2 4 -4 7 5 6 -8 -9
leaf_value=-0.00059205970028415329 0.00074173511061785948 0.00011741909308030324 -0.00018958045200596812 -1.0792260802576713e-05 -0.00022290861011145914 -1.632802698271226e-06 9.9101302668936936e-05 2.18742253491655e-05
leaf_weight=31 37 51 49 33 47 287 49 30
leaf_count=31 37 51 49 33 47 287 49 30
internal_value=1.12671e-11 -3.96878e-05 0.000123858 0.000277443 -2.32676e-07 -1.58991e-05 1.30576e-05 4.76321e-06
internal_weight=614 465 149 100 434 383 336 63
internal_count=614 465 149 100 434 383 336 63
is_linear=0
shrinkage=0.2


Tree=160
num_leaves=9
num_cat=0
split_feature=1 3 0 3 0 3 0 0
split_gain=7.3252e-05 0.000445624 0.000189869 0.000102841 0.000183822 3.90788e-05 2.1707e-05 8.98493e-06
threshold=0.84134494906376878 -1.383314525855508 1.6928635863796766 1.0000000180025095e-35 0.74353648615397361 1.0000000180025095e-35 -1.0601850042748606 -0.11085790404915845
decision_type=2 2 2 2 2 2 2 2
left_child=1 -1 3 4 -3 -2 -5 -7
right_child=5 2 -4 6 -6 7 -8 -9
leaf_value=0.00074210130595460996 -0.00030153150825450821 -7.7242686502443993e-05 0.00036829976828733424 0.00016917776219391577 -0.00063033161437018757 -0.00012681361404247584 -1.0423901568792088e-05 2.4264555184110521e-05
leaf_weight=33 42 107 46 30 31 32 262 31
leaf_count=33 42 107 46 30 31 32 262 31
internal_value=-3.5734e-12 3.13756e-05 -1.78975e-05 -5.92116e-05 -0.000201487 -0.000152097 8.02832e-06 -5.24736e-05
internal_weight=614 509 476 430 138 105 292 63
internal_count=614 509 476 430 138 105 292 63
is_linear=0
shrinkage=0.2


Tree=161
num_leaves=8
num_cat=0
split_feature=0 3 0 3 0 0 0
split_gain=7.03622e-05 0.000351357 5.64667e-05 0.000135185 2.21039e-05 4.65821e-05 3.58978e-07
threshold=1.6928635863796766 -1.383314525855508 0.74353648615397361 1.0000000180025095e-35 -1.2500504243200012 -1.0601850042748606 1.1232673262442552
decision_type=2 2 2 2 2 2 2
left_child=1 -1 4 -4 -3 -6 -5
right_child=-2 2 3 6 5 -7 -8
leaf_value=0.00061573231076771356 -0.00022990152059236958 0.00013231620576013538 -0.00050426530467502159 -9.4433315098285682e-06 -0.00019433627430191064 1.8242782343371627e-05 2.0754673641931731e-05
leaf_weight=37 49 51 31 31 47 336 32
leaf_count=37 49 51 31 31 47 336 32
internal_value=-1.15124e-12 1.99384e-05 -2.18124e-05 -0.000162349 8.62649e-06 -7.84394e-06 5.89534e-06
internal_weight=614 565 528 94 434 383 63
internal_count=614 565 528 94 434 383 63
is_linear=0
shrinkage=0.2


Tree=162
num_leaves=11
num_cat=0
split_feature=0 3 0 3 10 0 0 0 0 3
split_gain=7.7022e-05 0.000359498 0.000174343 0.000314607 1.66335e-05 0.000185621 0.0001455 7.45603e-05 0.000110437 2.78158e-07
threshold=0.74353648615397361 -1.383314525855508 1.6928635863796766 1.0000000180025095e-35 1.0000000180025095e-35 -1.2500504243200012 -1.0601850042748606 1.0000000180025095e-35 -0.58552145416201007 0.6682678868867189
decision_type=2 2 2 2 2 2 2 2 2 2
left_child=1 -1 3 -2 5 -3 -7 8 -6 -5
right_child=2 4 -4 9 7 6 -8 -9 -10 -11
leaf_value=-0.00069808267228748473 0.00073947183488131925 0.0004269580493067823 -0.00018392118829663618 -7.9546930712901734e-06 -0.00016415465289994362 -0.00041005092889203563 2.4611565576545109e-05 -0.00038064457169283464 0.00032214630571674677 1.8654315839133535e-05
leaf_weight=31 37 41 49 33 47 35 257 23 31 30
leaf_count=31 37 41 49 33 47 35 257 23 31 30
internal_value=-1.15106e-11 -4.00977e-05 0.000125137 0.000276576 6.90118e-06 2.84645e-05 -2.74884e-05 -6.41936e-05 2.91188e-05 4.71626e-06
internal_weight=614 465 149 100 434 333 292 101 78 63
internal_count=614 465 149 100 434 333 292 101 78 63
is_linear=0
shrinkage=0.2


Tree=163
num_leaves=10
num_cat=0
split_feature=1 1 3 3 0 0 3 0 0
split_gain=9.49384e-05 0.000359492 0.000559274 0.000259022 0.000174587 6.50821e-05 2.14787e-05 1.8584e-05 1.48394e-05
threshold=0.84134494906376878 1.0000000180025095e-35 -1.383314525855508 1.0000000180025095e-35 1.6928635863796766 0.74353648615397361 1.0000000180025095e-35 1.0000000180025095e-35 -0.11085790404915845
decision_type=2 2 2 2 2 2 2 2 2
left_child=1 2 -1 -3 5 -4 -2 -5 -8
right_child=6 3 4 7 -6 -7 8 -9 -10
leaf_value=-0.00096442664135247482 -0.00028393951305631725 0.00079477610620292457 1.6693505722848643e-05 0.00024474453142223264 0.00037740434278890937 -0.00017928514732394685 -0.00019483344512991608 2.8776590239859244e-05 -6.7670048484879168e-07
leaf_weight=25 42 37 243 30 46 94 32 34 31
leaf_count=25 42 37 243 30 46 94 32 34 31
internal_value=3.41135e-13 3.57193e-05 -4.79077e-05 0.000373539 1.19173e-05 -3.79712e-05 -0.000173153 0.000130012 -9.9296e-05
internal_weight=614 509 408 101 383 337 105 64 63
internal_count=614 509 408 101 383 337 105 64 63
is_linear=0
shrinkage=0.2


Tree=164
num_leaves=10
num_cat=0
split_feature=1 3 1 3 0 1 10 0 0
split_gain=6.61273e-05 0.00019082 0.000254642 0.000324394 0.000412617 0.00017224 0.000208772 0.000137585 3.37466e-06
threshold=-1.4219006094254045 0.6682678868867189 1.690062033497209 -1.383314525855508 1.6928635863796766 -0.29027783018081799 1.0000000180025095e-35 -1.0601850042748606 0.74353648615397361
decision_type=2 2 2 2 2 2 2 2 2
left_child=-1 2 3 -2 -5 8 7 -7 -3
right_child=1 5 -4 4 -6 6 -8 -9 -10
leaf_value=-0.00022287555965499917 0.00074553591477910454 -0.00045632683525609813 -0.00042458636795773223 1.3890830982588876e-05 0.00079303685575723656 0.00052822935574043251 -0.0005128727268893272 -1.9888338459666909e-05 -0.00036517405696940842
leaf_weight=49 33 33 34 290 30 26 25 62 32
leaf_count=49 33 33 34 290 30 26 25 62 32
internal_value=9.14946e-12 1.9329e-05 9.81555e-05 0.000148505 8.69358e-05 -0.000152052 -2.84011e-06 0.000142056 -0.000411452
internal_weight=614 565 387 353 320 178 113 88 65
internal_count=614 565 387 353 320 178 113 88 65
is_linear=0
shrinkage=0.2


Tree=165
num_leaves=9
num_cat=0
split_feature=0 3 0 3 0 13 13 3
split_gain=0.000110859 0.000291227 3.71994e-05 0.000176943 1.84335e-05 9.8016e-05 8.40513e-05 2.59707e-06
threshold=1.6928635863796766 -1.383314525855508 0.74353648615397361 1.0000000180025095e-35 -0.34818967910558424 1.0000000180025095e-35 1.0000000180025095e-35 0.6682678868867189
decision_type=2 2 2 2 2 2 2 2
left_child=1 -1 4 -4 5 -3 -6 -5
right_child=-2 2 3 7 6 -7 -8 -9
leaf_value=0.00056744891948796604 -0.00028857471280593466 -9.7077881238530274e-05 -0.00051822776543802667 2.6715122283238806e-05 0.00013788779439545309 0.00019348845310178736 -0.00016908147833116045 0.00010802145567140542
leaf_weight=37 49 185 31 33 139 62 48 30
leaf_count=37 49 185 31 33 139 62 48 30
internal_value=-6.6005e-13 2.50268e-05 -1.29838e-05 -0.000127051 1.1722e-05 -2.41422e-05 5.90935e-05 6.54324e-05
internal_weight=614 565 528 94 434 247 187 63
internal_count=614 565 528 94 434 247 187 63
is_linear=0
shrinkage=0.2


Tree=166
num_leaves=9
num_cat=0
split_feature=0 0 3 3 1 3 1 3
split_gain=7.095e-05 0.000221512 0.000366119 0.000240548 1.57789e-05 0.000111597 4.73621e-05 1.66213e-06
threshold=1.6928635863796766 0.74353648615397361 -1.383314525855508 1.0000000180025095e-35 0.84134494906376878 1.0000000180025095e-35 1.0000000180025095e-35 0.6682678868867189
decision_type=2 2 2 2 2 2 2 2
left_child=1 2 -1 -3 6 -6 -4 -5
right_child=-2 3 4 7 5 -7 -8 -9
leaf_value=-0.00070206819838213345 -0.00023085974463931647 0.00069482579529977638 3.5235462873146981e-05 2.1372064877527231e-05 0.0003663279661642654 -7.9086751839707768e-05 -0.00013259496478494059 8.6417183871769044e-05
leaf_weight=31 49 37 243 33 35 63 93 30
leaf_count=31 49 37 243 33 35 63 93 30
internal_value=9.20041e-12 2.00215e-05 -3.80521e-05 0.000290063 9.37765e-06 7.99899e-05 -1.12176e-05 5.23459e-05
internal_weight=614 565 465 100 434 98 336 63
internal_count=614 565 465 100 434 98 336 63
is_linear=0
shrinkage=0.2


Tree=167
num_leaves=10
num_cat=0
split_feature=1 1 3 3 0 0 3 0 0
split_gain=6.45982e-05 0.000235733 0.000518286 0.000149882 0.000124338 5.6546e-05 2.49241e-05 2.3255e-05 9.13385e-06
threshold=0.84134494906376878 1.0000000180025095e-35 -1.383314525855508 1.0000000180025095e-35 1.6928635863796766 0.74353648615397361 1.0000000180025095e-35 -0.11085790404915845 1.0000000180025095e-35
decision_type=2 2 2 2 2 2 2 2 2
left_child=1 2 -1 -3 5 -4 -2 -8 -5
right_child=6 3 4 8 -6 -7 7 -9 -10
leaf_value=-0.00092055076453834779 -0.00026217156444631869 0.0006234526445434706 2.8188357642543248e-05 0.00019820935985383889 0.00032777419280888433 -0.00015448652801693398 -0.00018286728882230819 6.0186518596545348e-05 4.680205833317493e-05
leaf_weight=25 42 37 243 30 46 94 32 31 34
leaf_count=25 42 37 243 30 46 94 32 31 34
internal_value=4.53385e-12 2.9464e-05 -3.82552e-05 0.000303023 1.93359e-05 -2.27655e-05 -0.00014283 -6.32694e-05 0.000117774
internal_weight=614 509 408 101 383 337 105 63 64
internal_count=614 509 408 101 383 337 105 63 64
is_linear=0
shrinkage=0.2


Tree=168
num_leaves=8
num_cat=0
split_feature=0 3 3 1 1 0 12
split_gain=7.34908e-05 0.000381865 3.93921e-05 0.000219076 0.000238774 2.28706e-05 3.88884e-05
threshold=1.6928635863796766 -1.383314525855508 1.0000000180025095e-35 0.84134494906376878 1.0000000180025095e-35 -1.2500504243200012 1.0000000180025095e-35
decision_type=2 2 2 2 2 2 2
left_child=1 -1 3 4 -3 -4 -7
right_child=-2 2 5 -5 -6 6 -8
leaf_value=0.00064149889410662197 -0.00023495704770130964 -7.9050373265799709e-05 -0.00014629383222199976 0.00034549667633005553 -0.00072478071368973834 7.1113557777990972e-05 -8.8986397868548361e-05
leaf_weight=37 49 109 32 35 29 242 81
leaf_count=37 49 109 32 35 29 242 81
internal_value=-6.259e-12 2.03768e-05 -2.31488e-05 -0.000101403 -0.000214747 1.49864e-05 3.09647e-05
internal_weight=614 565 528 173 138 355 323
internal_count=614 565 528 173 138 355 323
is_linear=0
shrinkage=0.2


Tree=169
num_leaves=12
num_cat=0
split_feature=0 3 0 11 13 1 3 0 12 3 10
split_gain=6.63713e-05 0.000277453 0.000168826 0.000186416 6.72572e-05 1.55524e-05 5.56637e-05 3.8706e-05 5.34408e-05 1.5349e-05 8.01739e-07
threshold=0.74353648615397361 -1.383314525855508 1.6928635863796766 1.0000000180025095e-35 1.0000000180025095e-35 0.84134494906376878 1.0000000180025095e-35 -1.0601850042748606 1.0000000180025095e-35 0.6682678868867189 1.0000000180025095e-35
decision_type=2 2 2 2 2 2 2 2 2 2 2
left_child=1 -1 3 4 10 7 -7 -3 -9 -8 -2
right_child=2 5 -4 -5 -6 6 9 8 -10 -11 -12
leaf_value=-0.00061526792386787073 0.00020295833298102176 -0.00018470552849008683 -0.00018796562864587701 0.00071419146261177959 -0.00018393084781406367 0.00027639734425715035 6.2120366360872027e-05 -3.808699934738005e-05 0.00016169567612117866 -0.00013534220488509163 0.0002536503139428812
leaf_weight=31 24 47 49 27 23 35 31 218 71 32 26
leaf_count=31 24 47 49 27 23 35 31 218 71 32 26
internal_value=3.0277e-12 -3.72223e-05 0.000116163 0.000265187 9.91164e-05 4.06672e-06 7.41703e-05 -1.63802e-05 1.09946e-05 -3.81781e-05 0.000229318
internal_weight=614 465 149 100 73 434 98 336 289 63 50
internal_count=614 465 149 100 73 434 98 336 289 63 50
is_linear=0
shrinkage=0.2


Tree=170
num_leaves=9
num_cat=0
split_feature=1 3 0 3 0 3 0 0
split_gain=6.56877e-05 0.000293938 0.000162346 8.96065e-05 0.000144803 5.07125e-05 2.60797e-05 1.01905e-05
threshold=0.84134494906376878 -1.383314525855508 1.6928635863796766 1.0000000180025095e-35 0.74353648615397361 1.0000000180025095e-35 -1.0601850042748606 -0.11085790404915845
decision_type=2 2 2 2 2 2 2 2
left_child=1 -1 3 4 -3 -2 -5 -7
right_child=5 2 -4 6 -6 7 -8 -9
leaf_value=0.00060693712068975647 -0.00031426060512395845 -7.1042063798337627e-05 0.00034680388492668739 0.00019089189474470915 -0.00056193307879561145 -0.00010971291630994529 -5.969887920157657e-06 5.1181788946832381e-05
leaf_weight=33 42 107 46 30 31 32 262 31
leaf_count=33 42 107 46 30 31 32 262 31
internal_value=5.66434e-13 2.97114e-05 -1.03063e-05 -4.85088e-05 -0.000181315 -0.00014403 1.42556e-05 -3.05425e-05
internal_weight=614 509 476 430 138 105 292 63
internal_count=614 509 476 430 138 105 292 63
is_linear=0
shrinkage=0.2


Tree=171
num_leaves=9
num_cat=0
split_feature=0 3 0 3 1 3 0 3
split_gain=6.61529e-05 0.000247324 4.22064e-05 0.000112815 1.78436e-05 5.35011e-05 3.31231e-05 1.56073e-06
threshold=1.6928635863796766 -1.383314525855508 0.74353648615397361 1.0000000180025095e-35 0.84134494906376878 1.0000000180025095e-35 -1.0601850042748606 0.6682678868867189
decision_type=2 2 2 2 2 2 2 2
left_child=1 -1 4 -4 6 -6 -3 -5
right_child=-2 2 3 7 5 -7 -8 -9
leaf_value=0.00051920075328215154 -0.00022291859483574426 -0.00016699434466105193 -0.00044954643404531867 -1.351664911701598e-05 0.00028397000527807646 -2.4433983194213064e-05 1.4042552621192444e-05 4.9513263511471458e-05
leaf_weight=37 49 47 31 33 35 63 289 30
leaf_count=37 49 47 31 33 35 63 289 30
internal_value=-2.43401e-12 1.93328e-05 -1.56959e-05 -0.000137198 1.06202e-05 8.57103e-05 -1.12811e-05 1.64976e-05
internal_weight=614 565 528 94 434 98 336 63
internal_count=614 565 528 94 434 98 336 63
is_linear=0
shrinkage=0.2


Tree=172
num_leaves=12
num_cat=0
split_feature=0 3 0 3 1 3 1 3 3 3 3
split_gain=6.60292e-05 0.000338748 0.00015798 0.000259328 1.14199e-05 3.42407e-05 2.33415e-05 0.000196877 2.77208e-05 9.88802e-06 9.98869e-07
threshold=0.74353648615397361 -1.383314525855508 1.6928635863796766 1.0000000180025095e-35 0.84134494906376878 1.0000000180025095e-35 1.0000000180025095e-35 1.0000000180025095e-35 1.0000000180025095e-35 0.6682678868867189 0.6682678868867189
decision_type=2 2 2 2 2 2 2 2 2 2 2
left_child=1 -1 3 -2 6 -6 8 -8 -3 -7 -5
right_child=2 4 -4 10 5 9 7 -9 -10 -11 -12
leaf_value=-0.00067583947675302629 0.00068028684409737999 0.00012183419051162231 -0.00017833489486923898 -1.0813321128036038e-05 0.0002271759935787746 6.0955155640840536e-05 -0.00052652592481724147 0.0001016481492570165 -2.2858446243458964e-05 -9.7533839289098983e-05 3.9610636595170948e-05
leaf_weight=31 37 78 49 33 35 31 29 64 165 32 30
leaf_count=31 37 78 49 33 35 31 29 64 165 32 30
internal_value=-1.93868e-12 -3.71262e-05 0.000115864 0.000260021 8.49617e-06 6.85682e-05 -9.02484e-06 -9.42341e-05 2.35861e-05 -1.95472e-05 1.31981e-05
internal_weight=614 465 149 100 434 98 336 93 243 63 63
internal_count=614 465 149 100 434 98 336 93 243 63 63
is_linear=0
shrinkage=0.2


Tree=173
num_leaves=10
num_cat=0
split_feature=1 1 3 3 0 3 0 0 0
split_gain=6.379e-05 0.000255103 0.000520518 0.000236169 0.000152107 6.2806e-05 5.20524e-05 1.00718e-05 6.57381e-06
threshold=0.84134494906376878 1.0000000180025095e-35 -1.383314525855508 1.0000000180025095e-35 1.6928635863796766 1.0000000180025095e-35 0.74353648615397361 1.0000000180025095e-35 -0.11085790404915845
decision_type=2 2 2 2 2 2 2 2 2
left_child=1 2 -1 -3 6 -2 -4 -5 -7
right_child=5 3 4 7 -6 8 -8 -9 -10
leaf_value=-0.00092536070197820675 -0.00033137819652135172 0.00071608077457829106 1.8868870949832562e-05 0.00016578273537258309 0.00035769381773444252 -7.9225579975172883e-05 -0.00015639730708573281 6.7912776584682218e-06 5.0001349600572739e-05
leaf_weight=25 42 37 243 30 46 32 94 34 31
leaf_count=25 42 37 243 30 46 32 94 34 31
internal_value=4.32528e-14 2.92791e-05 -4.11674e-05 0.000313855 1.65475e-05 -0.000141934 -3.00184e-05 8.13185e-05 -1.56377e-05
internal_weight=614 509 408 101 383 105 337 64 63
internal_count=614 509 408 101 383 105 337 64 63
is_linear=0
shrinkage=0.2


Tree=174
num_leaves=9
num_cat=0
split_feature=0 3 1 3 1 3 12 3
split_gain=5.24516e-05 0.000334064 3.25577e-05 7.65835e-05 0.000142819 3.81792e-05 1.50944e-05 6.37001e-06
threshold=1.6928635863796766 -1.383314525855508 0.84134494906376878 1.0000000180025095e-35 1.0000000180025095e-35 1.0000000180025095e-35 1.0000000180025095e-35 0.6682678868867189
decision_type=2 2 2 2 2 2 2 2
left_child=1 -1 3 4 -3 -4 -5 -7
right_child=-2 2 5 6 -6 7 -8 -9
leaf_value=0.00059816191567586287 -0.00019849580593825301 -6.5034569917036294e-05 0.00024801644097481454 3.6833210258257831e-05 -0.00056443685617554808 5.2103433277337788e-05 -6.8666631811235365e-05 -7.510461582569406e-05
leaf_weight=37 49 109 35 220 29 31 72 32
leaf_count=37 49 109 35 220 29 31 72 32
internal_value=3.85128e-12 1.72147e-05 -2.34956e-05 -4.72049e-05 -0.000169981 8.0535e-05 1.08196e-05 -1.25102e-05
internal_weight=614 565 528 430 138 98 292 63
internal_count=614 565 528 430 138 98 292 63
is_linear=0
shrinkage=0.2


Tree=175
num_leaves=12
num_cat=0
split_feature=0 3 0 3 1 10 3 1 3 3 3
split_gain=6.11174e-05 0.00025215 0.000133325 0.000177857 1.16927e-05 2.59757e-05 0.00017639 2.21128e-05 0.000132416 2.27712e-05 6.76273e-07
threshold=0.74353648615397361 -1.383314525855508 1.6928635863796766 1.0000000180025095e-35 0.84134494906376878 1.0000000180025095e-35 0.6682678868867189 1.0000000180025095e-35 1.0000000180025095e-35 1.0000000180025095e-35 0.6682678868867189
decision_type=2 2 2 2 2 2 2 2 2 2 2
left_child=1 -1 3 -2 7 6 -6 9 -9 -3 -5
right_child=2 4 -4 10 5 -7 -8 8 -10 -11 -12
leaf_value=-0.0005867763687180536 0.00059194610315702252 0.00010670051017838817 -0.00015879661481523394 1.9737927659386486e-05 -0.00010850043129175901 -0.00013891663402318955 0.00051847491247047277 -0.00045154951673386428 6.362253616316593e-05 -2.4439906119368975e-05 6.1227965876848122e-05
leaf_weight=31 37 78 49 33 50 20 28 29 64 165 30
leaf_count=31 37 78 49 33 50 20 28 29 64 165 30
internal_value=-3.79203e-13 -3.57186e-05 0.000111471 0.000243902 3.64264e-06 6.4428e-05 0.000116568 -1.40864e-05 -9.70225e-05 1.76545e-05 3.94951e-05
internal_weight=614 465 149 100 434 98 78 336 93 243 63
internal_count=614 465 149 100 434 98 78 336 93 243 63
is_linear=0
shrinkage=0.2


Tree=176
num_leaves=10
num_cat=0
split_feature=1 1 3 3 0 0 3 3 0
split_gain=6.2738e-05 0.000231754 0.000376698 0.000271618 0.00015703 5.54277e-05 3.76474e-05 1.7709e-05 6.52167e-06
threshold=0.84134494906376878 1.0000000180025095e-35 -1.383314525855508 1.0000000180025095e-35 1.6928635863796766 0.74353648615397361 1.0000000180025095e-35 0.6682678868867189 1.0000000180025095e-35
decision_type=2 2 2 2 2 2 2 2 2
left_child=1 2 -1 -3 5 -4 -2 -8 -5
right_child=6 3 4 8 -6 -7 7 -9 -10
leaf_value=-0.00079029612732119863 -0.00028743115967483308 0.00073163501943486779 1.4123633504842089e-05 0.00011886505022024115 0.00035761353584625203 -0.00016673580763729642 6.4756438857124701e-05 -0.00014734394499100746 -9.0728347833432697e-06
leaf_weight=25 42 37 243 30 46 94 31 32 34
leaf_count=25 42 37 243 30 46 94 31 32 34
internal_value=3.24307e-12 2.90367e-05 -3.81086e-05 0.000300277 1.09898e-05 -3.63238e-05 -0.000140759 -4.29771e-05 5.0898e-05
internal_weight=614 509 408 101 383 337 105 63 64
internal_count=614 509 408 101 383 337 105 63 64
is_linear=0
shrinkage=0.2


Tree=177
num_leaves=11
num_cat=0
split_feature=0 0 0 3 3 3 1 3 3 3
split_gain=4.69311e-05 0.00018588 0.000145342 0.000124484 0.000105563 8.40447e-05 2.68317e-05 7.50441e-05 5.52998e-05 4.32815e-07
threshold=0.74353648615397361 0.41127200107497791 1.6928635863796766 1.0000000180025095e-35 -1.383314525855508 1.0000000180025095e-35 0.84134494906376878 1.0000000180025095e-35 1.0000000180025095e-35 0.6682678868867189
decision_type=2 2 2 2 2 2 2 2 2 2
left_child=1 4 3 -2 -1 -3 7 -6 -8 -5
right_child=2 5 -4 9 6 -7 8 -9 -10 -11
leaf_value=0.00039633759033340203 0.00052712768256488087 -0.00070736915979068731 -0.00018450396078429661 4.9137490339379648e-05 -0.0001937000129955877 -0.00018779071697005721 0.00027916371290172851 2.6076143175097448e-05 -3.4381617008457112e-05 8.2329529298779872e-05
leaf_weight=27 37 20 49 33 91 33 35 196 63 30
leaf_count=27 37 20 49 33 91 33 35 196 63 30
internal_value=3.71263e-12 -3.12999e-05 9.76809e-05 0.000235951 1.40535e-05 -0.000383858 -1.27561e-05 -4.3609e-05 7.75989e-05 6.49432e-05
internal_weight=614 465 149 100 412 53 385 287 98 63
internal_count=614 465 149 100 412 53 385 287 98 63
is_linear=0
shrinkage=0.2


end of trees

feature_importances:
f_relative_compactness=685
f_glazing_area=660
f_wall_area=238
f_orientation_2=35
f_orientation_5=35
f_orientation_4=20
f_orientation_3=16

parameters:
[boosting: gbdt]
[objective: regression]
[metric: l2]
[tree_learner: serial]
[device_type: cpu]
[data_sample_strategy: bagging]
[data: ]
[valid: ]
[num_iterations: 300]
[learning_rate: 0.2]
[num_leaves: 12]
[num_threads: 24]
[seed: 42]
[deterministic: 0]
[force_col_wise: 0]
[force_row_wise: 0]
[histogram_pool_size: -1]
[max_depth: 5]
[min_data_in_leaf: 20]
[min_sum_hessian_in_leaf: 0.001]
[bagging_fraction: 0.4]
[pos_bagging_fraction: 1]
[neg_bagging_fraction: 1]
[bagging_freq: 0]
[bagging_seed: 400]
[bagging_by_query: 0]
[feature_fraction: 1]
[feature_fraction_bynode: 1]
[feature_fraction_seed: 30056]
[extra_trees: 0]
[extra_seed: 12879]
[early_stopping_round: 0]
[early_stopping_min_delta: 0]
[first_metric_only: 0]
[max_delta_step: 0]
[lambda_l1: 0]
[lambda_l2: 0]
[linear_lambda: 0]
[min_gain_to_split: 0]
[drop_rate: 0.1]
[max_drop: 50]
[skip_drop: 0.5]
[xgboost_dart_mode: 0]
[uniform_drop: 0]
[drop_seed: 17869]
[top_rate: 0.2]
[other_rate: 0.1]
[min_data_per_group: 100]
[max_cat_threshold: 32]
[cat_l2: 10]
[cat_smooth: 10]
[max_cat_to_onehot: 4]
[top_k: 20]
[monotone_constraints: ]
[monotone_constraints_method: basic]
[monotone_penalty: 0]
[feature_contri: ]
[forcedsplits_filename: ]
[refit_decay_rate: 0.9]
[cegb_tradeoff: 1]
[cegb_penalty_split: 0]
[cegb_penalty_feature_lazy: ]
[cegb_penalty_feature_coupled: ]
[path_smooth: 0]
[interaction_constraints: ]
[verbosity: 1]
[saved_feature_importance_type: 0]
[use_quantized_grad: 0]
[num_grad_quant_bins: 4]
[quant_train_renew_leaf: 0]
[stochastic_rounding: 1]
[linear_tree: 0]
[max_bin: 255]
[max_bin_by_feature: ]
[min_data_in_bin: 3]
[bin_construct_sample_cnt: 200000]
[data_random_seed: 175]
[is_enable_sparse: 1]
[enable_bundle: 1]
[use_missing: 1]
[zero_as_missing: 0]
[feature_pre_filter: 1]
[pre_partition: 0]
[two_round: 0]
[header: 0]
[label_column: ]
[weight_column: ]
[group_column: ]
[ignore_column: ]
[categorical_feature: ]
[forcedbins_filename: ]
[precise_float_parser: 0]
[parser_config_file: ]
[objective_seed: 16083]
[num_class: 1]
[is_unbalance: 0]
[scale_pos_weight: 1]
[sigmoid: 1]
[boost_from_average: 1]
[reg_sqrt: 0]
[alpha: 0.9]
[fair_c: 1]
[poisson_max_delta_step: 0.7]
[tweedie_variance_power: 1.5]
[lambdarank_truncation_level: 30]
[lambdarank_norm: 1]
[label_gain: ]
[lambdarank_position_bias_regularization: 0]
[eval_at: ]
[multi_error_top_k: 1]
[auc_mu_weights: ]
[num_machines: 1]
[local_listen_port: 12400]
[time_out: 120]
[machine_list_filename: ]
[machines: ]
[gpu_platform_id: -1]
[gpu_device_id: -1]
[gpu_use_dp: 0]
[num_gpu: 1]

end of parameters

pandas_categorical:[]
